user,status,response_time
180050,"200,",332 ms
139942,"200,",341 ms
123432,"200,",358 ms
79928,"200,",578 ms
285510,"200,",638 ms
37810,"200,",251 ms
176521,"200,",248 ms
295228,"200,",264 ms
228689,"200,",532 ms
212644,"200,",570 ms
292159,"200,",599 ms
203410,"200,",602 ms
143387,"200,",625 ms
60612,"200,",664 ms
212576,"200,",371 ms
232742,"200,",562 ms
278586,"200,",577 ms
231828,"200,",603 ms
143161,"200,",635 ms
92276,"200,",636 ms
241620,"200,",345 ms
233371,"200,",324 ms
156743,"200,",367 ms
295041,"200,",327 ms
202066,"200,",366 ms
199922,"200,",250 ms
187812,"200,",359 ms
83161,"200,",354 ms
124255,"200,",330 ms
1237,"200,",357 ms
138604,"200,",468 ms
175627,"200,",433 ms
94392,"200,",450 ms
81365,"200,",456 ms
290680,"200,",450 ms
192162,"200,",355 ms
101473,"200,",489 ms
13009,"200,",503 ms
210501,"200,",476 ms
12694,"200,",504 ms
72922,"200,",352 ms
221518,"200,",358 ms
260207,"200,",337 ms
22632,"200,",467 ms
33314,"200,",469 ms
249689,"200,",412 ms
60978,"200,",449 ms
196854,"200,",477 ms
148361,"200,",334 ms
85170,"200,",360 ms
76284,"200,",403 ms
209957,"200,",361 ms
23181,"200,",297 ms
239687,"200,",363 ms
232357,"200,",370 ms
11743,"200,",449 ms
55286,"200,",464 ms
23789,"200,",455 ms
201172,"200,",374 ms
175089,"200,",385 ms
220087,"200,",388 ms
72165,"200,",410 ms
230243,"200,",428 ms
72484,"200,",433 ms
307285,"200,",386 ms
106178,"200,",476 ms
119760,"200,",422 ms
242534,"200,",476 ms
17373,"200,",482 ms
57019,"200,",357 ms
7508,"200,",353 ms
89468,"200,",357 ms
180504,"200,",251 ms
269543,"200,",331 ms
200770,"200,",346 ms
55131,"200,",430 ms
79118,"200,",450 ms
209139,"200,",487 ms
14032,"200,",472 ms
296362,"200,",316 ms
53594,"200,",361 ms
177889,"200,",320 ms
13439,"200,",521 ms
100722,"200,",620 ms
216187,"200,",627 ms
44860,"200,",351 ms
141199,"200,",592 ms
73292,"200,",583 ms
104921,"200,",338 ms
182270,"200,",349 ms
21833,"200,",614 ms
234170,"200,",619 ms
229234,"200,",633 ms
199685,"200,",701 ms
156156,"200,",706 ms
13873,"200,",352 ms
270790,"200,",411 ms
263593,"200,",240 ms
104873,"200,",267 ms
95040,"200,",252 ms
273221,"200,",171 ms
198013,"200,",393 ms
117300,"200,",335 ms
142574,"200,",392 ms
169938,"200,",288 ms
262720,"200,",358 ms
295176,"200,",378 ms
170195,"200,",460 ms
195282,"200,",470 ms
84508,"200,",484 ms
47226,"200,",367 ms
227493,"200,",340 ms
135885,"200,",376 ms
164207,"200,",399 ms
201244,"200,",407 ms
240613,"200,",417 ms
104971,"200,",761 ms
258446,"200,",697 ms
40796,"200,",751 ms
18426,"200,",756 ms
212439,"200,",751 ms
4315,"200,",710 ms
16005,"200,",767 ms
176126,"200,",353 ms
161210,"200,",211 ms
254411,"200,",350 ms
63221,"200,",374 ms
235269,"200,",216 ms
279843,"200,",233 ms
293496,"200,",301 ms
276414,"200,",331 ms
50780,"200,",354 ms
202785,"200,",574 ms
47706,"200,",556 ms
211498,"200,",594 ms
245425,"200,",879 ms
120064,"0,",909 ms
203440,"0,",894 ms
155482,"0,",897 ms
123784,"0,",908 ms
43441,"0,",890 ms
266489,"0,",894 ms
107940,"0,",905 ms
114640,"0,",902 ms
168238,"0,",882 ms
151366,"0,",812 ms
100704,"200,",826 ms
23791,"200,",818 ms
86251,"200,",852 ms
72826,"200,",284 ms
239081,"200,",269 ms
101896,"200,",291 ms
263982,"200,",469 ms
218391,"200,",382 ms
159263,"200,",493 ms
263970,"200,",420 ms
202346,"200,",459 ms
304111,"200,",429 ms
72848,"200,",637 ms
75110,"200,",647 ms
162055,"200,",653 ms
117230,"200,",654 ms
30696,"200,",434 ms
58380,"200,",453 ms
65778,"200,",376 ms
55974,"200,",470 ms
123896,"200,",377 ms
116750,"200,",307 ms
177781,"200,",511 ms
5314,"200,",509 ms
285762,"200,",497 ms
154163,"200,",139 ms
87337,"200,",401 ms
112224,"200,",415 ms
205439,"200,",323 ms
47135,"200,",349 ms
191474,"200,",436 ms
255664,"200,",446 ms
222232,"200,",450 ms
222788,"200,",349 ms
78855,"200,",282 ms
271998,"200,",381 ms
99609,"200,",419 ms
271524,"200,",708 ms
283456,"200,",793 ms
22069,"0,",827 ms
286137,"0,",833 ms
250335,"200,",829 ms
29251,"200,",828 ms
302538,"200,",342 ms
166815,"200,",344 ms
206325,"200,",358 ms
228019,"200,",503 ms
159518,"200,",512 ms
2044,"200,",533 ms
8399,"200,",244 ms
261887,"200,",379 ms
229051,"200,",445 ms
102957,"200,",474 ms
79122,"200,",524 ms
115712,"200,",539 ms
106574,"200,",546 ms
8017,"200,",322 ms
214955,"200,",480 ms
242115,"200,",496 ms
53984,"200,",516 ms
21966,"200,",539 ms
39529,"200,",505 ms
22618,"200,",521 ms
296369,"200,",527 ms
70169,"200,",526 ms
22853,"200,",540 ms
108149,"200,",161 ms
178360,"200,",313 ms
3974,"200,",283 ms
54727,"200,",358 ms
19502,"200,",251 ms
1927,"200,",381 ms
308450,"200,",404 ms
50608,"200,",426 ms
184079,"200,",461 ms
22195,"200,",475 ms
162366,"200,",415 ms
180237,"200,",706 ms
201533,"200,",712 ms
129808,"200,",747 ms
220474,"200,",792 ms
202436,"200,",776 ms
222762,"200,",793 ms
7918,"200,",295 ms
207712,"200,",307 ms
85338,"200,",319 ms
111002,"200,",270 ms
293752,"200,",220 ms
47661,"200,",317 ms
303635,"200,",372 ms
149371,"200,",325 ms
5427,"200,",302 ms
102595,"200,",224 ms
251138,"200,",263 ms
29987,"200,",258 ms
52494,"200,",281 ms
122734,"200,",455 ms
190416,"200,",472 ms
50348,"200,",474 ms
125319,"200,",462 ms
257627,"200,",300 ms
3677,"200,",339 ms
107919,"200,",568 ms
299791,"200,",752 ms
106288,"200,",833 ms
285522,"200,",475 ms
220676,"200,",693 ms
71821,"200,",666 ms
204915,"200,",710 ms
229556,"200,",734 ms
44887,"200,",695 ms
204433,"200,",749 ms
16394,"200,",300 ms
11836,"200,",238 ms
18603,"200,",392 ms
27709,"200,",277 ms
188182,"200,",268 ms
95169,"200,",297 ms
148564,"200,",306 ms
21018,"200,",328 ms
92608,"200,",355 ms
228880,"200,",338 ms
193920,"200,",384 ms
112377,"200,",530 ms
193533,"200,",532 ms
2118,"200,",541 ms
173775,"200,",557 ms
138708,"200,",421 ms
113308,"200,",483 ms
70045,"200,",669 ms
9731,"200,",668 ms
221385,"200,",655 ms
261720,"200,",660 ms
165869,"200,",442 ms
301666,"200,",611 ms
31367,"200,",620 ms
117020,"200,",675 ms
19239,"200,",655 ms
221257,"200,",638 ms
40696,"200,",321 ms
204172,"200,",346 ms
216202,"200,",340 ms
294538,"200,",408 ms
75465,"200,",350 ms
208297,"200,",455 ms
12378,"200,",505 ms
278160,"200,",510 ms
129450,"200,",521 ms
111867,"200,",332 ms
15857,"200,",521 ms
259103,"200,",513 ms
7029,"200,",507 ms
139421,"200,",515 ms
14852,"200,",416 ms
110068,"200,",677 ms
165542,"200,",649 ms
216345,"200,",634 ms
133077,"200,",702 ms
175758,"200,",645 ms
118846,"200,",635 ms
209028,"200,",320 ms
253249,"200,",375 ms
128490,"200,",336 ms
140274,"200,",276 ms
143992,"200,",735 ms
148608,"200,",726 ms
1056,"200,",160 ms
181080,"200,",261 ms
17774,"200,",279 ms
184733,"200,",400 ms
25990,"200,",426 ms
211393,"200,",315 ms
43483,"200,",327 ms
210890,"200,",350 ms
9450,"200,",343 ms
79886,"200,",294 ms
196044,"200,",287 ms
169874,"200,",377 ms
275265,"200,",276 ms
222306,"200,",368 ms
159074,"200,",399 ms
44792,"200,",555 ms
175363,"200,",615 ms
17166,"200,",659 ms
70886,"200,",657 ms
53858,"200,",351 ms
276436,"200,",359 ms
107577,"200,",390 ms
182740,"200,",374 ms
170328,"200,",216 ms
169455,"200,",415 ms
243045,"200,",335 ms
107947,"200,",395 ms
152346,"200,",434 ms
60173,"200,",376 ms
236439,"200,",419 ms
170873,"200,",450 ms
69747,"200,",402 ms
302964,"200,",421 ms
23688,"200,",464 ms
6741,"200,",455 ms
79564,"200,",398 ms
217789,"200,",505 ms
61002,"200,",528 ms
28222,"200,",580 ms
175312,"200,",622 ms
199419,"200,",668 ms
193081,"200,",670 ms
53884,"200,",677 ms
224592,"200,",309 ms
286909,"200,",343 ms
160324,"200,",356 ms
96441,"200,",426 ms
176064,"200,",383 ms
7579,"200,",291 ms
68353,"200,",302 ms
238565,"200,",285 ms
141374,"200,",194 ms
248700,"200,",340 ms
299839,"200,",325 ms
240412,"200,",370 ms
275375,"200,",330 ms
172751,"200,",412 ms
288713,"200,",380 ms
61249,"200,",427 ms
91365,"200,",265 ms
1639,"200,",406 ms
247874,"200,",409 ms
149382,"200,",451 ms
246492,"200,",509 ms
113411,"200,",443 ms
85408,"200,",401 ms
16030,"200,",464 ms
158233,"200,",411 ms
109875,"200,",478 ms
162749,"200,",457 ms
3216,"200,",474 ms
269501,"200,",262 ms
173259,"200,",277 ms
235109,"200,",243 ms
102831,"200,",355 ms
262510,"200,",265 ms
189432,"200,",363 ms
189870,"200,",334 ms
31240,"200,",349 ms
295828,"200,",314 ms
199141,"200,",333 ms
153190,"200,",257 ms
217034,"200,",670 ms
86545,"200,",669 ms
162240,"200,",658 ms
236469,"200,",681 ms
264424,"200,",745 ms
221366,"200,",742 ms
258242,"200,",730 ms
306211,"200,",436 ms
130327,"200,",464 ms
175685,"200,",499 ms
68230,"200,",449 ms
104848,"200,",512 ms
83599,"200,",357 ms
55917,"200,",597 ms
23138,"200,",587 ms
257304,"200,",628 ms
301413,"200,",250 ms
152404,"200,",281 ms
30187,"200,",318 ms
22896,"200,",318 ms
118566,"200,",401 ms
263396,"200,",504 ms
261115,"200,",514 ms
219757,"200,",470 ms
13289,"200,",373 ms
202673,"200,",356 ms
191679,"200,",240 ms
17843,"200,",390 ms
277042,"200,",325 ms
143510,"200,",383 ms
17893,"200,",373 ms
136385,"200,",317 ms
154563,"200,",672 ms
220338,"200,",701 ms
274949,"200,",733 ms
218705,"200,",748 ms
129981,"200,",757 ms
223823,"200,",752 ms
119406,"200,",399 ms
137216,"200,",415 ms
168849,"200,",426 ms
28251,"200,",126 ms
118994,"200,",252 ms
115002,"200,",220 ms
41605,"200,",434 ms
276187,"200,",483 ms
120711,"200,",456 ms
81973,"200,",374 ms
222217,"200,",367 ms
211123,"200,",339 ms
276412,"200,",471 ms
294457,"200,",508 ms
102892,"200,",559 ms
140403,"200,",579 ms
213866,"200,",568 ms
249127,"200,",627 ms
126370,"200,",239 ms
34348,"200,",247 ms
34900,"200,",485 ms
302878,"200,",556 ms
421,"200,",632 ms
227701,"200,",641 ms
147163,"200,",644 ms
110103,"200,",372 ms
36780,"200,",432 ms
60197,"200,",454 ms
136421,"200,",456 ms
181151,"200,",403 ms
44805,"200,",479 ms
206987,"200,",535 ms
216945,"200,",541 ms
156274,"200,",542 ms
165961,"200,",400 ms
124410,"200,",370 ms
105524,"200,",433 ms
67935,"200,",438 ms
160068,"200,",435 ms
235857,"200,",531 ms
205357,"200,",601 ms
71611,"200,",607 ms
67322,"200,",366 ms
173239,"200,",413 ms
23474,"200,",563 ms
265069,"200,",593 ms
277240,"200,",597 ms
21858,"200,",617 ms
233052,"200,",639 ms
11615,"200,",427 ms
111831,"200,",484 ms
99870,"200,",495 ms
173905,"200,",553 ms
272874,"200,",548 ms
104275,"200,",543 ms
80692,"200,",343 ms
92367,"200,",550 ms
257732,"400,",617 ms
7283,"200,",601 ms
157466,"200,",603 ms
93787,"200,",645 ms
169726,"200,",401 ms
152550,"200,",365 ms
201997,"200,",439 ms
270512,"200,",200 ms
148906,"200,",363 ms
235897,"200,",394 ms
307432,"200,",199 ms
224626,"200,",371 ms
178383,"200,",442 ms
173505,"200,",392 ms
187214,"200,",346 ms
271121,"200,",368 ms
242613,"200,",434 ms
59149,"200,",430 ms
25976,"200,",513 ms
177075,"200,",525 ms
304748,"200,",534 ms
20019,"200,",281 ms
305240,"200,",359 ms
174307,"200,",261 ms
77725,"200,",461 ms
164901,"200,",511 ms
132812,"200,",691 ms
6830,"200,",697 ms
21083,"200,",799 ms
228682,"200,",780 ms
149269,"200,",816 ms
289236,"200,",846 ms
88728,"200,",312 ms
143615,"200,",392 ms
141509,"200,",415 ms
8071,"200,",400 ms
96015,"200,",420 ms
305095,"200,",617 ms
210807,"200,",667 ms
112366,"200,",766 ms
117560,"200,",815 ms
274119,"200,",848 ms
172115,"200,",820 ms
89115,"200,",858 ms
85507,"200,",822 ms
175313,"200,",277 ms
97128,"200,",297 ms
229090,"200,",439 ms
172528,"200,",444 ms
141007,"200,",434 ms
62196,"200,",242 ms
206621,"200,",549 ms
117699,"200,",188 ms
178586,"200,",268 ms
208902,"200,",260 ms
286222,"200,",463 ms
62830,"200,",468 ms
245862,"200,",506 ms
18352,"200,",512 ms
269613,"200,",288 ms
4268,"200,",257 ms
123197,"200,",482 ms
221147,"200,",513 ms
84743,"200,",585 ms
71835,"200,",629 ms
289792,"200,",627 ms
191594,"200,",357 ms
131326,"200,",273 ms
26299,"200,",214 ms
49811,"200,",381 ms
264205,"400,",383 ms
70594,"200,",391 ms
57402,"200,",403 ms
194843,"200,",391 ms
159168,"200,",428 ms
224157,"200,",378 ms
76385,"200,",428 ms
228968,"200,",520 ms
265080,"200,",565 ms
188055,"200,",574 ms
258953,"200,",649 ms
225938,"200,",398 ms
270056,"200,",399 ms
18491,"200,",478 ms
289095,"200,",575 ms
292967,"200,",605 ms
170657,"200,",738 ms
158800,"200,",740 ms
300198,"200,",744 ms
264996,"200,",767 ms
86869,"200,",779 ms
62656,"200,",347 ms
2971,"200,",395 ms
303980,"200,",341 ms
216008,"200,",407 ms
233693,"200,",323 ms
231658,"200,",313 ms
24883,"200,",332 ms
272878,"200,",346 ms
227076,"200,",419 ms
251169,"200,",430 ms
298266,"200,",402 ms
231228,"200,",430 ms
293352,"200,",656 ms
81048,"200,",699 ms
143803,"200,",732 ms
196981,"200,",741 ms
159203,"200,",744 ms
248991,"200,",379 ms
44238,"200,",445 ms
266913,"200,",382 ms
129375,"200,",443 ms
281964,"200,",334 ms
31703,"200,",544 ms
240228,"200,",450 ms
111190,"200,",450 ms
73254,"200,",524 ms
146551,"200,",515 ms
118995,"200,",535 ms
226911,"200,",378 ms
107335,"200,",404 ms
237597,"200,",449 ms
290494,"200,",398 ms
256690,"200,",366 ms
154085,"200,",336 ms
109032,"200,",347 ms
68212,"200,",345 ms
108732,"200,",435 ms
272985,"200,",519 ms
15544,"200,",646 ms
153625,"200,",659 ms
19427,"200,",603 ms
34323,"200,",629 ms
143603,"200,",653 ms
207162,"200,",359 ms
64055,"200,",399 ms
242641,"200,",309 ms
73954,"200,",265 ms
304175,"200,",311 ms
232768,"200,",264 ms
281521,"200,",242 ms
154999,"200,",392 ms
112780,"200,",365 ms
180511,"200,",362 ms
27628,"200,",375 ms
257301,"200,",329 ms
35225,"200,",471 ms
235002,"200,",496 ms
52951,"200,",461 ms
90105,"200,",433 ms
231820,"200,",497 ms
136246,"200,",539 ms
158340,"200,",581 ms
154026,"200,",276 ms
288546,"200,",337 ms
209243,"200,",337 ms
154743,"0,",804 ms
239024,"200,",433 ms
50241,"200,",474 ms
38122,"200,",472 ms
298867,"200,",466 ms
300942,"200,",457 ms
39930,"200,",474 ms
258496,"400,",467 ms
245628,"200,",479 ms
138548,"200,",431 ms
269186,"200,",597 ms
79519,"200,",666 ms
167090,"200,",709 ms
22768,"200,",741 ms
30815,"200,",769 ms
269268,"200,",737 ms
132703,"200,",550 ms
58230,"200,",337 ms
89274,"200,",317 ms
178282,"200,",455 ms
298526,"200,",455 ms
284221,"200,",483 ms
72517,"200,",244 ms
30031,"200,",285 ms
166959,"200,",341 ms
159174,"200,",321 ms
2618,"200,",390 ms
71232,"200,",472 ms
63118,"200,",534 ms
248795,"200,",577 ms
29811,"200,",593 ms
13309,"200,",589 ms
13779,"200,",595 ms
194701,"200,",330 ms
231861,"200,",394 ms
171099,"200,",397 ms
93158,"200,",397 ms
174118,"200,",210 ms
14824,"200,",388 ms
179158,"200,",337 ms
163764,"200,",349 ms
129652,"200,",408 ms
125424,"200,",288 ms
271362,"200,",400 ms
126431,"200,",435 ms
238445,"200,",384 ms
124016,"200,",406 ms
7064,"200,",490 ms
287062,"200,",388 ms
259292,"200,",428 ms
212703,"200,",438 ms
23601,"200,",440 ms
197217,"200,",395 ms
88540,"200,",374 ms
3328,"200,",400 ms
73896,"200,",424 ms
234226,"200,",429 ms
197554,"200,",440 ms
59755,"200,",290 ms
185339,"200,",247 ms
219357,"200,",371 ms
208365,"200,",508 ms
116587,"200,",547 ms
18760,"200,",464 ms
206902,"200,",486 ms
243146,"200,",195 ms
101116,"200,",374 ms
266786,"200,",375 ms
235378,"200,",409 ms
132236,"200,",375 ms
279276,"200,",359 ms
199630,"200,",407 ms
61850,"200,",424 ms
13600,"200,",435 ms
105077,"200,",463 ms
84825,"200,",397 ms
121672,"200,",471 ms
55216,"200,",490 ms
276548,"200,",569 ms
40769,"200,",561 ms
16847,"200,",601 ms
227268,"200,",593 ms
190890,"200,",604 ms
35554,"200,",354 ms
105577,"200,",353 ms
53052,"200,",372 ms
97918,"200,",412 ms
161288,"200,",437 ms
36476,"200,",483 ms
20349,"200,",671 ms
238786,"200,",753 ms
208372,"200,",752 ms
144884,"200,",745 ms
287962,"200,",705 ms
176309,"200,",428 ms
31582,"200,",464 ms
77943,"200,",479 ms
72427,"200,",484 ms
215756,"200,",572 ms
250237,"200,",619 ms
266515,"200,",603 ms
297189,"200,",647 ms
300222,"200,",239 ms
230527,"200,",288 ms
295478,"200,",341 ms
272430,"200,",457 ms
53355,"200,",446 ms
158895,"400,",536 ms
141937,"200,",561 ms
122597,"200,",545 ms
137813,"200,",556 ms
1754,"200,",365 ms
40698,"200,",368 ms
111931,"200,",413 ms
253261,"200,",422 ms
88692,"200,",530 ms
249995,"200,",484 ms
200270,"200,",541 ms
134763,"200,",297 ms
117772,"200,",315 ms
227144,"200,",189 ms
299967,"200,",228 ms
22906,"200,",261 ms
235560,"200,",380 ms
55141,"200,",380 ms
31695,"200,",408 ms
249930,"200,",464 ms
261095,"200,",441 ms
202163,"200,",305 ms
272377,"200,",312 ms
302071,"200,",354 ms
14033,"200,",443 ms
109191,"200,",423 ms
171916,"200,",316 ms
244842,"200,",374 ms
2837,"200,",378 ms
72263,"200,",355 ms
245142,"200,",487 ms
51135,"200,",440 ms
179256,"200,",629 ms
269018,"200,",520 ms
254336,"200,",640 ms
198344,"200,",517 ms
306580,"200,",283 ms
184180,"200,",272 ms
83400,"200,",342 ms
218587,"200,",321 ms
11149,"200,",393 ms
272159,"200,",386 ms
135902,"200,",400 ms
265709,"200,",379 ms
39676,"200,",391 ms
65678,"200,",375 ms
303505,"200,",356 ms
179567,"200,",372 ms
247949,"200,",437 ms
30426,"200,",399 ms
98759,"200,",288 ms
121755,"200,",376 ms
14629,"200,",377 ms
225652,"200,",414 ms
76198,"200,",406 ms
283060,"200,",430 ms
173671,"200,",400 ms
118156,"200,",466 ms
300116,"200,",426 ms
239361,"200,",450 ms
235347,"200,",472 ms
63729,"200,",471 ms
260512,"200,",516 ms
114154,"200,",523 ms
26845,"200,",545 ms
306035,"200,",456 ms
16157,"200,",402 ms
277764,"200,",398 ms
54132,"200,",442 ms
95434,"200,",506 ms
73449,"200,",438 ms
263125,"200,",473 ms
16315,"200,",456 ms
257687,"200,",326 ms
23259,"200,",486 ms
276978,"200,",734 ms
3751,"200,",799 ms
150643,"200,",785 ms
137815,"200,",807 ms
173237,"200,",742 ms
91141,"200,",789 ms
221391,"200,",309 ms
296446,"200,",416 ms
77438,"200,",575 ms
225889,"200,",558 ms
209776,"200,",605 ms
297054,"200,",542 ms
186478,"200,",638 ms
135220,"200,",621 ms
227693,"200,",422 ms
109613,"200,",748 ms
204600,"200,",756 ms
240416,"200,",758 ms
110635,"200,",784 ms
132568,"200,",808 ms
49659,"200,",787 ms
123507,"200,",818 ms
304859,"200,",214 ms
252995,"200,",353 ms
109510,"200,",519 ms
265877,"200,",563 ms
153246,"200,",579 ms
280224,"200,",582 ms
71135,"200,",571 ms
296589,"200,",348 ms
297281,"200,",401 ms
147274,"200,",238 ms
196840,"200,",455 ms
920,"200,",491 ms
177535,"400,",476 ms
122154,"200,",293 ms
2904,"200,",372 ms
96511,"200,",377 ms
149277,"200,",403 ms
193284,"200,",366 ms
204277,"200,",438 ms
27380,"200,",276 ms
293732,"200,",329 ms
39851,"200,",431 ms
42973,"200,",347 ms
162524,"200,",292 ms
157324,"200,",284 ms
234022,"200,",354 ms
309118,"200,",184 ms
211632,"200,",348 ms
306355,"200,",448 ms
292,"200,",466 ms
204846,"200,",463 ms
193658,"200,",242 ms
192253,"200,",297 ms
84781,"200,",394 ms
167717,"200,",442 ms
74961,"200,",432 ms
247703,"200,",397 ms
214011,"200,",271 ms
55407,"200,",332 ms
124566,"200,",311 ms
10334,"200,",301 ms
182422,"200,",297 ms
286189,"200,",338 ms
235818,"200,",582 ms
119904,"200,",624 ms
172263,"200,",656 ms
4780,"200,",657 ms
164524,"200,",729 ms
23774,"200,",676 ms
128961,"200,",709 ms
195291,"200,",715 ms
54023,"200,",170 ms
294363,"200,",355 ms
169850,"200,",386 ms
31505,"200,",469 ms
246101,"200,",457 ms
104119,"200,",324 ms
284151,"200,",273 ms
120487,"200,",362 ms
274840,"200,",358 ms
94230,"200,",340 ms
105335,"200,",238 ms
62719,"200,",372 ms
297699,"200,",345 ms
120090,"200,",386 ms
75653,"200,",324 ms
148553,"200,",214 ms
1562,"200,",311 ms
258671,"200,",416 ms
6377,"200,",482 ms
262284,"200,",504 ms
208113,"200,",534 ms
253388,"200,",540 ms
101748,"200,",309 ms
233151,"200,",325 ms
207080,"200,",352 ms
17062,"200,",359 ms
238255,"200,",323 ms
231521,"200,",305 ms
90754,"400,",409 ms
303150,"200,",414 ms
17247,"200,",359 ms
217520,"200,",309 ms
232822,"200,",344 ms
276936,"200,",367 ms
273969,"200,",400 ms
267555,"200,",487 ms
248515,"200,",479 ms
133168,"200,",581 ms
243718,"200,",513 ms
139558,"200,",447 ms
118607,"200,",436 ms
228760,"200,",510 ms
299335,"200,",519 ms
32770,"200,",521 ms
236352,"200,",579 ms
50385,"200,",553 ms
141425,"200,",621 ms
11058,"200,",613 ms
182956,"200,",661 ms
32390,"200,",627 ms
10767,"200,",448 ms
110536,"200,",451 ms
135573,"200,",497 ms
40352,"200,",534 ms
111888,"200,",564 ms
66979,"200,",641 ms
40854,"200,",631 ms
293274,"200,",459 ms
158864,"200,",377 ms
266486,"200,",403 ms
65323,"200,",464 ms
16596,"200,",505 ms
261983,"200,",528 ms
190853,"200,",294 ms
289591,"200,",348 ms
39448,"200,",432 ms
195537,"200,",334 ms
48453,"200,",293 ms
61274,"200,",493 ms
81016,"200,",454 ms
152094,"200,",448 ms
56487,"200,",410 ms
145155,"200,",426 ms
4318,"200,",310 ms
182355,"200,",467 ms
96445,"200,",454 ms
138042,"200,",488 ms
262478,"200,",416 ms
289567,"200,",434 ms
29676,"200,",420 ms
144210,"200,",435 ms
65240,"200,",345 ms
142892,"200,",468 ms
27348,"200,",445 ms
39580,"200,",268 ms
214387,"200,",337 ms
257149,"200,",354 ms
7147,"200,",312 ms
220709,"200,",397 ms
241657,"200,",457 ms
79441,"200,",516 ms
83277,"200,",397 ms
228769,"200,",270 ms
251945,"200,",369 ms
56902,"200,",344 ms
148168,"200,",318 ms
260280,"200,",332 ms
31958,"200,",346 ms
219269,"200,",384 ms
178418,"200,",406 ms
153805,"200,",454 ms
133819,"200,",618 ms
142992,"200,",525 ms
578,"200,",614 ms
118232,"200,",640 ms
172320,"200,",643 ms
149677,"200,",305 ms
235463,"200,",241 ms
40268,"200,",316 ms
268536,"200,",333 ms
107343,"200,",460 ms
150439,"200,",266 ms
138068,"200,",344 ms
47614,"200,",356 ms
132226,"200,",409 ms
162966,"200,",386 ms
33554,"200,",261 ms
65221,"200,",427 ms
74145,"200,",437 ms
187859,"200,",440 ms
53426,"200,",457 ms
296264,"200,",486 ms
232428,"200,",533 ms
70081,"200,",714 ms
215502,"200,",740 ms
294746,"200,",761 ms
135005,"200,",788 ms
184283,"200,",852 ms
185381,"200,",862 ms
156769,"200,",287 ms
187020,"200,",446 ms
149003,"200,",300 ms
291033,"200,",281 ms
217687,"200,",312 ms
259076,"200,",305 ms
299075,"200,",361 ms
153030,"200,",355 ms
163006,"200,",358 ms
8149,"200,",354 ms
7038,"200,",429 ms
123649,"200,",437 ms
256301,"200,",473 ms
150077,"200,",398 ms
93812,"200,",429 ms
301727,"200,",446 ms
135382,"200,",436 ms
108428,"200,",515 ms
243036,"200,",524 ms
214822,"200,",540 ms
77559,"200,",553 ms
105509,"200,",560 ms
240127,"200,",389 ms
56274,"200,",264 ms
22762,"200,",416 ms
162373,"200,",491 ms
28935,"200,",612 ms
235558,"200,",591 ms
50577,"200,",627 ms
32115,"200,",658 ms
153868,"200,",654 ms
98997,"200,",554 ms
188641,"200,",611 ms
87373,"200,",283 ms
86710,"200,",509 ms
15201,"200,",745 ms
150144,"200,",762 ms
198920,"200,",761 ms
294683,"200,",753 ms
48603,"200,",761 ms
261211,"200,",794 ms
47161,"200,",268 ms
99178,"200,",330 ms
237335,"200,",369 ms
98547,"200,",412 ms
35514,"200,",291 ms
304329,"400,",323 ms
52624,"200,",294 ms
229385,"200,",389 ms
247574,"200,",321 ms
49695,"200,",402 ms
186027,"200,",439 ms
75314,"200,",248 ms
244795,"200,",380 ms
112718,"200,",344 ms
255850,"200,",327 ms
3221,"200,",357 ms
74187,"200,",375 ms
38541,"200,",377 ms
43990,"200,",267 ms
164184,"200,",349 ms
638,"200,",345 ms
146267,"200,",396 ms
127203,"200,",388 ms
171991,"200,",430 ms
255504,"200,",191 ms
253366,"200,",317 ms
255946,"200,",470 ms
82212,"200,",575 ms
79640,"200,",611 ms
248368,"200,",632 ms
36883,"200,",647 ms
268648,"200,",593 ms
23709,"200,",252 ms
229417,"200,",302 ms
89339,"200,",307 ms
66296,"200,",248 ms
184269,"200,",247 ms
158832,"200,",292 ms
35100,"200,",306 ms
2085,"200,",160 ms
46581,"200,",359 ms
18645,"200,",383 ms
213785,"200,",471 ms
122152,"200,",497 ms
128249,"200,",531 ms
40566,"200,",541 ms
133760,"200,",539 ms
63999,"200,",424 ms
292808,"200,",458 ms
223874,"200,",524 ms
111136,"200,",552 ms
127760,"200,",602 ms
275064,"200,",600 ms
88730,"200,",610 ms
170420,"200,",618 ms
155247,"200,",246 ms
300417,"200,",263 ms
181965,"200,",371 ms
237263,"200,",382 ms
209433,"200,",371 ms
162856,"200,",339 ms
52560,"200,",375 ms
265058,"200,",271 ms
113199,"200,",194 ms
86109,"200,",338 ms
134417,"200,",327 ms
121598,"200,",376 ms
160964,"200,",343 ms
183827,"200,",355 ms
230751,"200,",456 ms
37496,"200,",450 ms
52255,"200,",496 ms
252177,"200,",385 ms
255865,"200,",415 ms
288734,"200,",417 ms
244672,"200,",353 ms
126848,"200,",326 ms
107877,"200,",339 ms
140420,"200,",383 ms
308233,"200,",460 ms
170599,"200,",476 ms
286216,"200,",465 ms
80634,"200,",345 ms
224330,"200,",333 ms
266519,"200,",198 ms
135388,"200,",355 ms
32116,"200,",349 ms
124527,"200,",288 ms
277444,"200,",483 ms
22486,"200,",460 ms
41791,"200,",518 ms
156210,"200,",509 ms
117181,"200,",402 ms
281069,"200,",384 ms
234812,"200,",346 ms
295262,"200,",412 ms
3705,"200,",425 ms
187567,"200,",461 ms
88832,"200,",430 ms
84239,"200,",640 ms
149377,"200,",543 ms
133431,"200,",583 ms
187614,"200,",442 ms
6755,"200,",450 ms
197975,"200,",466 ms
175386,"200,",476 ms
14980,"200,",312 ms
58611,"200,",320 ms
278643,"200,",418 ms
205088,"200,",479 ms
240428,"200,",493 ms
305552,"200,",837 ms
2079,"200,",446 ms
291975,"200,",472 ms
309289,"200,",523 ms
165389,"200,",594 ms
40445,"200,",634 ms
279550,"200,",647 ms
309328,"200,",685 ms
121593,"200,",251 ms
34940,"200,",374 ms
228861,"200,",272 ms
9062,"200,",445 ms
86732,"200,",340 ms
99600,"200,",463 ms
194549,"200,",546 ms
198183,"200,",621 ms
42190,"200,",639 ms
303991,"200,",618 ms
256278,"200,",402 ms
26602,"200,",511 ms
245025,"200,",556 ms
239779,"200,",601 ms
188520,"200,",584 ms
50467,"200,",597 ms
35138,"200,",299 ms
283022,"200,",435 ms
111062,"200,",463 ms
212221,"200,",502 ms
44777,"200,",555 ms
34076,"200,",489 ms
298143,"200,",245 ms
157293,"200,",394 ms
59363,"200,",327 ms
166584,"200,",343 ms
114588,"200,",298 ms
22775,"200,",392 ms
125236,"200,",308 ms
77992,"200,",351 ms
165120,"200,",398 ms
63292,"200,",487 ms
270703,"200,",441 ms
295286,"200,",449 ms
224559,"200,",529 ms
153996,"200,",588 ms
236533,"200,",551 ms
288068,"200,",558 ms
242086,"200,",432 ms
24427,"200,",519 ms
83479,"200,",564 ms
106645,"200,",602 ms
59486,"200,",614 ms
235728,"200,",622 ms
121146,"0,",803 ms
238451,"200,",386 ms
292985,"200,",571 ms
217496,"200,",627 ms
93287,"200,",593 ms
177600,"200,",594 ms
259284,"200,",594 ms
175377,"200,",325 ms
82172,"200,",317 ms
12875,"200,",543 ms
82481,"200,",535 ms
34602,"200,",330 ms
149873,"200,",565 ms
219688,"200,",308 ms
16026,"200,",259 ms
139351,"200,",300 ms
76063,"200,",297 ms
184308,"200,",336 ms
33560,"400,",523 ms
291675,"200,",518 ms
224419,"200,",550 ms
68024,"200,",610 ms
279366,"200,",608 ms
35608,"200,",166 ms
65499,"200,",356 ms
263325,"200,",399 ms
152751,"200,",447 ms
262339,"200,",459 ms
182168,"200,",177 ms
178981,"200,",394 ms
198588,"200,",530 ms
266683,"200,",539 ms
54405,"200,",561 ms
178762,"200,",542 ms
209117,"200,",309 ms
204327,"200,",271 ms
72651,"200,",285 ms
270788,"200,",313 ms
279494,"200,",341 ms
155659,"200,",411 ms
42901,"200,",405 ms
238013,"200,",417 ms
95685,"200,",404 ms
109680,"200,",475 ms
38566,"200,",449 ms
36877,"200,",604 ms
271624,"200,",629 ms
197922,"200,",624 ms
277324,"200,",591 ms
268633,"200,",670 ms
40580,"200,",337 ms
9565,"200,",430 ms
29516,"200,",362 ms
203788,"200,",459 ms
210372,"200,",417 ms
194412,"200,",435 ms
256483,"200,",355 ms
49394,"200,",375 ms
42064,"200,",373 ms
145634,"200,",318 ms
225245,"200,",401 ms
66507,"200,",376 ms
73206,"200,",281 ms
66151,"200,",405 ms
18445,"200,",427 ms
190940,"200,",438 ms
271676,"200,",512 ms
17454,"200,",475 ms
220097,"200,",540 ms
159442,"200,",561 ms
4581,"200,",567 ms
91922,"200,",579 ms
293143,"200,",408 ms
121333,"200,",377 ms
148428,"200,",375 ms
38094,"200,",327 ms
138834,"200,",276 ms
224019,"200,",451 ms
248404,"200,",487 ms
227339,"200,",535 ms
114961,"200,",413 ms
48941,"200,",438 ms
4109,"200,",432 ms
37565,"200,",443 ms
19065,"200,",333 ms
4782,"200,",393 ms
140160,"200,",436 ms
109879,"200,",479 ms
14475,"200,",614 ms
266733,"200,",541 ms
249971,"200,",519 ms
267330,"200,",307 ms
215844,"200,",229 ms
126621,"200,",394 ms
199354,"200,",501 ms
183526,"200,",709 ms
20251,"200,",782 ms
64149,"0,",847 ms
119872,"200,",805 ms
201337,"0,",855 ms
67473,"200,",832 ms
73768,"200,",832 ms
31407,"200,",378 ms
305884,"200,",452 ms
112966,"200,",458 ms
262134,"200,",460 ms
179066,"200,",413 ms
112578,"200,",359 ms
20022,"200,",421 ms
21493,"200,",378 ms
292600,"200,",411 ms
184625,"200,",377 ms
180465,"200,",423 ms
174054,"200,",344 ms
56750,"200,",413 ms
199960,"200,",570 ms
53624,"200,",630 ms
198341,"200,",647 ms
108742,"200,",653 ms
962,"200,",644 ms
215160,"200,",626 ms
139969,"200,",326 ms
174026,"200,",296 ms
161602,"200,",332 ms
6702,"200,",352 ms
236958,"200,",529 ms
27319,"200,",589 ms
28560,"200,",620 ms
41195,"200,",740 ms
8094,"200,",731 ms
54576,"200,",742 ms
122650,"200,",749 ms
20814,"200,",360 ms
20114,"200,",426 ms
237127,"200,",461 ms
192344,"200,",435 ms
170552,"200,",485 ms
109772,"200,",438 ms
61253,"200,",330 ms
134593,"200,",478 ms
115216,"200,",503 ms
170878,"200,",346 ms
196486,"200,",397 ms
166457,"200,",382 ms
299866,"200,",281 ms
201609,"200,",344 ms
242828,"200,",420 ms
248648,"200,",476 ms
260739,"200,",496 ms
262984,"200,",513 ms
152248,"200,",534 ms
150958,"200,",534 ms
142098,"200,",488 ms
102023,"200,",486 ms
184799,"200,",523 ms
37801,"200,",590 ms
304369,"200,",271 ms
298327,"200,",327 ms
224806,"200,",342 ms
154484,"200,",453 ms
153562,"200,",384 ms
108647,"200,",404 ms
160334,"200,",456 ms
185058,"200,",326 ms
14783,"200,",349 ms
130515,"200,",368 ms
4381,"200,",411 ms
63164,"200,",385 ms
182626,"200,",407 ms
154816,"200,",531 ms
266520,"200,",464 ms
132164,"200,",596 ms
297729,"200,",638 ms
169956,"200,",600 ms
131404,"200,",654 ms
108734,"200,",728 ms
90668,"200,",695 ms
234517,"200,",797 ms
84647,"200,",796 ms
238908,"200,",781 ms
304526,"200,",796 ms
7354,"200,",814 ms
89494,"200,",825 ms
65867,"200,",328 ms
87316,"200,",505 ms
118819,"200,",650 ms
270995,"200,",662 ms
56680,"200,",693 ms
273386,"200,",709 ms
124243,"200,",700 ms
269250,"200,",339 ms
43022,"200,",255 ms
272891,"200,",397 ms
229772,"200,",536 ms
287391,"200,",590 ms
187634,"200,",561 ms
50533,"200,",651 ms
157693,"200,",294 ms
173513,"200,",376 ms
218859,"200,",434 ms
87968,"200,",401 ms
306178,"200,",422 ms
235444,"200,",414 ms
219196,"200,",382 ms
180448,"200,",513 ms
107734,"200,",553 ms
19218,"200,",629 ms
272577,"200,",643 ms
235080,"200,",626 ms
164205,"200,",702 ms
230782,"200,",191 ms
161936,"200,",193 ms
190694,"200,",393 ms
236682,"200,",546 ms
287545,"200,",558 ms
246069,"200,",619 ms
142953,"200,",654 ms
228029,"200,",640 ms
127621,"200,",426 ms
209922,"200,",412 ms
141346,"200,",438 ms
86480,"200,",506 ms
154908,"200,",351 ms
64796,"200,",605 ms
31544,"200,",549 ms
12467,"200,",142 ms
204913,"200,",246 ms
14937,"200,",432 ms
236007,"200,",519 ms
166204,"200,",566 ms
32544,"200,",604 ms
209390,"200,",583 ms
203313,"200,",484 ms
125078,"200,",483 ms
232449,"200,",504 ms
216189,"200,",550 ms
115388,"200,",560 ms
300624,"200,",335 ms
186748,"200,",454 ms
104674,"200,",445 ms
160049,"200,",450 ms
69194,"200,",510 ms
161902,"200,",353 ms
145921,"200,",420 ms
59861,"200,",413 ms
46716,"200,",413 ms
142300,"200,",380 ms
53615,"200,",341 ms
242602,"200,",241 ms
6131,"200,",252 ms
87996,"200,",294 ms
90018,"200,",266 ms
129412,"200,",339 ms
288916,"200,",353 ms
181089,"200,",512 ms
286476,"200,",601 ms
176483,"200,",620 ms
154934,"200,",669 ms
297896,"200,",632 ms
65152,"200,",430 ms
261117,"200,",449 ms
270080,"200,",460 ms
264721,"200,",596 ms
182472,"200,",829 ms
104955,"200,",843 ms
44735,"200,",849 ms
249490,"200,",875 ms
178913,"0,",894 ms
229540,"0,",907 ms
257463,"200,",440 ms
124045,"200,",615 ms
44931,"200,",572 ms
171113,"200,",730 ms
197331,"200,",817 ms
38471,"200,",834 ms
163038,"200,",855 ms
84322,"0,",875 ms
56421,"0,",871 ms
42061,"0,",881 ms
3150,"400,",263 ms
31944,"200,",302 ms
124759,"200,",279 ms
65748,"200,",276 ms
296245,"200,",261 ms
209150,"200,",324 ms
153700,"200,",335 ms
185794,"200,",332 ms
29157,"200,",343 ms
234712,"200,",284 ms
212065,"200,",304 ms
32173,"200,",496 ms
217555,"200,",636 ms
191575,"200,",726 ms
60382,"200,",207 ms
40251,"200,",250 ms
92478,"200,",385 ms
143398,"200,",410 ms
146050,"200,",532 ms
122448,"200,",516 ms
287453,"200,",509 ms
208101,"200,",399 ms
267242,"200,",570 ms
81149,"200,",591 ms
268813,"200,",548 ms
19833,"200,",613 ms
36591,"200,",648 ms
206658,"200,",370 ms
209905,"200,",438 ms
104377,"200,",432 ms
148566,"200,",425 ms
113062,"200,",361 ms
189518,"200,",462 ms
176213,"200,",451 ms
143401,"200,",382 ms
281161,"200,",370 ms
49696,"200,",305 ms
146932,"200,",394 ms
207082,"200,",344 ms
15849,"200,",295 ms
209269,"200,",340 ms
125497,"200,",495 ms
267067,"200,",459 ms
223539,"200,",560 ms
60603,"200,",769 ms
278202,"0,",860 ms
236523,"0,",881 ms
231656,"0,",883 ms
199175,"0,",871 ms
303510,"0,",869 ms
25352,"200,",918 ms
237533,"200,",431 ms
284762,"200,",382 ms
250421,"200,",434 ms
102186,"200,",408 ms
221337,"200,",258 ms
228655,"200,",292 ms
193346,"200,",330 ms
198115,"200,",495 ms
147463,"200,",498 ms
90417,"200,",546 ms
108110,"200,",551 ms
63893,"200,",433 ms
69946,"200,",610 ms
139856,"200,",622 ms
76126,"200,",617 ms
171637,"200,",650 ms
171528,"200,",668 ms
183707,"200,",545 ms
154362,"200,",572 ms
266424,"200,",604 ms
39795,"200,",659 ms
133374,"200,",672 ms
146652,"200,",707 ms
50609,"200,",718 ms
108087,"200,",273 ms
70306,"200,",267 ms
192619,"200,",360 ms
302541,"200,",297 ms
218220,"200,",311 ms
183469,"200,",326 ms
17420,"200,",282 ms
281284,"200,",193 ms
19500,"200,",537 ms
36695,"200,",732 ms
284878,"200,",293 ms
62473,"200,",313 ms
164931,"200,",311 ms
162880,"200,",287 ms
14450,"200,",337 ms
251057,"200,",381 ms
116628,"200,",315 ms
171941,"200,",264 ms
154265,"200,",393 ms
132651,"200,",410 ms
62436,"200,",440 ms
105057,"200,",453 ms
305997,"200,",291 ms
139398,"200,",411 ms
123203,"200,",365 ms
19394,"200,",294 ms
14752,"200,",371 ms
216430,"200,",346 ms
239175,"200,",374 ms
202468,"200,",256 ms
298730,"200,",427 ms
23030,"200,",377 ms
293660,"200,",428 ms
237797,"200,",385 ms
269043,"200,",409 ms
154080,"200,",490 ms
207114,"200,",539 ms
263286,"200,",483 ms
76646,"200,",543 ms
175519,"200,",323 ms
147630,"200,",315 ms
167337,"200,",250 ms
188445,"200,",251 ms
218716,"200,",403 ms
258516,"200,",405 ms
161543,"200,",417 ms
194830,"200,",351 ms
27550,"200,",381 ms
238783,"200,",311 ms
51469,"200,",347 ms
87819,"200,",365 ms
23530,"200,",381 ms
144080,"200,",434 ms
68995,"200,",464 ms
118355,"200,",460 ms
36555,"200,",490 ms
154975,"200,",549 ms
233906,"200,",603 ms
145804,"200,",578 ms
153020,"200,",263 ms
169690,"200,",269 ms
141273,"200,",188 ms
243005,"200,",404 ms
92914,"200,",436 ms
119571,"200,",455 ms
6185,"200,",454 ms
161086,"200,",371 ms
80004,"200,",335 ms
254164,"200,",383 ms
60387,"200,",312 ms
60467,"200,",346 ms
157532,"200,",366 ms
205705,"200,",450 ms
270555,"200,",454 ms
64952,"200,",461 ms
155829,"200,",217 ms
259753,"200,",333 ms
117122,"400,",379 ms
249375,"200,",354 ms
190198,"200,",327 ms
33008,"200,",344 ms
305369,"200,",419 ms
287511,"200,",313 ms
192621,"200,",368 ms
197849,"200,",378 ms
39754,"200,",443 ms
68600,"200,",662 ms
245118,"200,",703 ms
48223,"200,",666 ms
272948,"200,",712 ms
142081,"200,",698 ms
254747,"200,",735 ms
116657,"200,",445 ms
191991,"200,",394 ms
180652,"200,",349 ms
192199,"200,",262 ms
185474,"200,",410 ms
99888,"200,",308 ms
162149,"200,",376 ms
98568,"200,",366 ms
248439,"200,",414 ms
116634,"200,",366 ms
219718,"200,",371 ms
135982,"200,",661 ms
252843,"200,",628 ms
18686,"200,",698 ms
113928,"200,",642 ms
242049,"200,",717 ms
110347,"200,",401 ms
31662,"400,",420 ms
72306,"200,",427 ms
62500,"200,",429 ms
61384,"200,",263 ms
132158,"200,",283 ms
43075,"200,",361 ms
211601,"200,",436 ms
218388,"200,",425 ms
2442,"200,",445 ms
299292,"200,",583 ms
2351,"200,",552 ms
260294,"200,",720 ms
297871,"200,",793 ms
21832,"200,",831 ms
233629,"400,",799 ms
308266,"0,",838 ms
88981,"200,",967 ms
117757,"200,",935 ms
16092,"200,",472 ms
43549,"200,",548 ms
66572,"200,",571 ms
178295,"200,",589 ms
210147,"200,",630 ms
260530,"200,",620 ms
37449,"200,",661 ms
118127,"200,",322 ms
171309,"200,",332 ms
248655,"200,",382 ms
127113,"200,",451 ms
52990,"200,",343 ms
265903,"200,",302 ms
19128,"200,",311 ms
200210,"200,",342 ms
301225,"200,",333 ms
104612,"200,",375 ms
78213,"200,",298 ms
118420,"200,",443 ms
48815,"200,",400 ms
248017,"200,",350 ms
207393,"200,",360 ms
136904,"200,",389 ms
214167,"200,",274 ms
123833,"200,",337 ms
211478,"200,",365 ms
70619,"200,",457 ms
111521,"200,",423 ms
131784,"200,",412 ms
117934,"200,",346 ms
165060,"200,",347 ms
87881,"200,",462 ms
120226,"200,",339 ms
138622,"200,",385 ms
3745,"200,",400 ms
34248,"200,",395 ms
235849,"200,",413 ms
296399,"200,",523 ms
218172,"200,",518 ms
160680,"200,",524 ms
95364,"200,",490 ms
187558,"200,",314 ms
198837,"200,",361 ms
71310,"200,",412 ms
88850,"200,",357 ms
123126,"200,",355 ms
307140,"200,",374 ms
117711,"200,",214 ms
215555,"200,",362 ms
162684,"200,",400 ms
23954,"200,",394 ms
135261,"200,",420 ms
278808,"200,",275 ms
77,"200,",272 ms
226740,"200,",354 ms
99293,"200,",388 ms
30930,"200,",380 ms
306437,"200,",404 ms
203975,"200,",406 ms
158611,"200,",444 ms
256251,"200,",452 ms
103942,"200,",304 ms
286067,"200,",382 ms
173895,"200,",348 ms
196842,"200,",322 ms
288997,"200,",355 ms
305827,"200,",337 ms
19095,"200,",565 ms
111229,"200,",548 ms
126077,"200,",578 ms
216137,"200,",546 ms
98606,"200,",392 ms
69303,"200,",569 ms
285504,"200,",577 ms
232174,"200,",586 ms
307700,"200,",668 ms
224238,"200,",674 ms
214414,"200,",676 ms
268222,"200,",444 ms
224809,"200,",691 ms
88103,"0,",826 ms
152602,"0,",810 ms
250774,"0,",826 ms
193862,"0,",827 ms
188078,"0,",841 ms
213278,"0,",901 ms
178524,"0,",863 ms
190113,"0,",840 ms
9937,"0,",863 ms
115105,"200,",268 ms
166,"200,",293 ms
231150,"200,",403 ms
127298,"200,",401 ms
302323,"200,",398 ms
18564,"200,",181 ms
174708,"200,",292 ms
230589,"200,",408 ms
169841,"200,",450 ms
281912,"200,",379 ms
265393,"200,",525 ms
232121,"200,",702 ms
21007,"200,",623 ms
175252,"200,",704 ms
62198,"200,",380 ms
298311,"200,",375 ms
252221,"200,",377 ms
282928,"200,",344 ms
188436,"200,",409 ms
165554,"200,",441 ms
291479,"200,",435 ms
54522,"200,",481 ms
288970,"200,",411 ms
283262,"200,",400 ms
70548,"200,",538 ms
156023,"200,",609 ms
144747,"200,",605 ms
291517,"200,",638 ms
190988,"200,",666 ms
18847,"200,",345 ms
44674,"200,",334 ms
285895,"200,",421 ms
236264,"200,",358 ms
145006,"200,",322 ms
109466,"200,",347 ms
211941,"200,",365 ms
49002,"200,",305 ms
190777,"200,",411 ms
123341,"200,",438 ms
222059,"200,",401 ms
75977,"200,",384 ms
293485,"200,",435 ms
299031,"200,",243 ms
40696,"200,",428 ms
140666,"200,",425 ms
27924,"200,",462 ms
12465,"200,",452 ms
297165,"200,",481 ms
239691,"200,",504 ms
128223,"200,",526 ms
147200,"200,",527 ms
308327,"200,",347 ms
163723,"200,",434 ms
144043,"200,",422 ms
217253,"200,",406 ms
253316,"200,",414 ms
235689,"200,",284 ms
247812,"200,",456 ms
232511,"200,",460 ms
209983,"200,",446 ms
173078,"200,",490 ms
44479,"200,",463 ms
7721,"200,",485 ms
54577,"200,",512 ms
305536,"200,",463 ms
295134,"200,",408 ms
208391,"200,",431 ms
191629,"200,",419 ms
111114,"200,",448 ms
303717,"200,",445 ms
238366,"200,",443 ms
187392,"200,",457 ms
86816,"200,",524 ms
158961,"200,",492 ms
139232,"200,",499 ms
94987,"200,",383 ms
98328,"200,",578 ms
272617,"200,",596 ms
101052,"200,",623 ms
55009,"200,",625 ms
163853,"200,",650 ms
295905,"200,",576 ms
178107,"200,",731 ms
147143,"200,",750 ms
131164,"200,",321 ms
281835,"200,",308 ms
188245,"200,",329 ms
207352,"200,",122 ms
261368,"200,",198 ms
102444,"200,",349 ms
17814,"200,",485 ms
213808,"200,",503 ms
142663,"200,",504 ms
155147,"200,",583 ms
308781,"200,",578 ms
238738,"200,",658 ms
237165,"200,",723 ms
165011,"200,",741 ms
72399,"200,",739 ms
42748,"200,",311 ms
58052,"200,",376 ms
85165,"200,",439 ms
124148,"200,",440 ms
181922,"200,",279 ms
192662,"200,",277 ms
44110,"200,",444 ms
224359,"200,",398 ms
114943,"200,",445 ms
26300,"200,",516 ms
122745,"200,",483 ms
22309,"200,",528 ms
46143,"200,",272 ms
167462,"200,",313 ms
2189,"200,",306 ms
125335,"200,",329 ms
293038,"200,",366 ms
6631,"200,",413 ms
144672,"200,",286 ms
74938,"200,",499 ms
183093,"200,",422 ms
294489,"200,",426 ms
72063,"200,",425 ms
236507,"200,",427 ms
70042,"200,",354 ms
283263,"200,",386 ms
11876,"200,",405 ms
157810,"200,",527 ms
141709,"200,",527 ms
146570,"200,",619 ms
11789,"200,",683 ms
261855,"200,",815 ms
135467,"0,",927 ms
172065,"0,",972 ms
219019,"200,",882 ms
221753,"0,",939 ms
91435,"200,",425 ms
7730,"200,",436 ms
108364,"200,",475 ms
160745,"200,",390 ms
37821,"200,",495 ms
155290,"200,",453 ms
120551,"200,",530 ms
115219,"200,",501 ms
255404,"200,",564 ms
70761,"200,",571 ms
36869,"200,",624 ms
299644,"200,",421 ms
62652,"200,",635 ms
68534,"200,",657 ms
208734,"200,",660 ms
173468,"200,",597 ms
248073,"200,",677 ms
44482,"200,",217 ms
143986,"200,",218 ms
125315,"200,",357 ms
281018,"200,",377 ms
154175,"200,",412 ms
282860,"200,",356 ms
178908,"200,",396 ms
299815,"200,",336 ms
184685,"200,",383 ms
47165,"200,",421 ms
172375,"200,",481 ms
120810,"200,",477 ms
294905,"200,",280 ms
157131,"200,",265 ms
130160,"200,",288 ms
238333,"200,",330 ms
123935,"200,",332 ms
116171,"200,",263 ms
118516,"200,",318 ms
205310,"200,",293 ms
127521,"200,",391 ms
230809,"200,",399 ms
249669,"200,",388 ms
267055,"200,",413 ms
276672,"200,",355 ms
170370,"200,",385 ms
197638,"200,",302 ms
230288,"200,",336 ms
285434,"200,",331 ms
284062,"200,",352 ms
64150,"200,",359 ms
130980,"200,",393 ms
296210,"200,",427 ms
195966,"200,",435 ms
240933,"200,",438 ms
153320,"200,",463 ms
153912,"200,",363 ms
273901,"200,",330 ms
296,"200,",418 ms
289548,"200,",418 ms
290908,"200,",289 ms
105974,"200,",340 ms
69660,"200,",322 ms
299159,"200,",491 ms
218589,"200,",606 ms
193354,"200,",617 ms
1634,"200,",616 ms
69364,"200,",631 ms
98881,"200,",417 ms
17893,"200,",638 ms
243732,"200,",681 ms
77161,"200,",675 ms
182905,"200,",627 ms
223618,"200,",410 ms
242401,"200,",417 ms
191425,"200,",555 ms
227530,"200,",555 ms
93773,"200,",572 ms
165702,"200,",427 ms
19815,"200,",434 ms
249754,"200,",398 ms
28796,"200,",439 ms
91469,"200,",540 ms
191868,"200,",423 ms
55102,"200,",415 ms
257028,"200,",286 ms
285318,"200,",282 ms
23912,"200,",478 ms
77303,"200,",463 ms
6500,"200,",550 ms
7620,"200,",565 ms
241711,"200,",545 ms
111692,"200,",548 ms
32077,"200,",480 ms
125872,"200,",555 ms
173801,"200,",571 ms
27097,"200,",527 ms
27464,"200,",359 ms
35846,"200,",395 ms
182012,"200,",355 ms
282477,"200,",333 ms
160879,"200,",347 ms
221008,"200,",464 ms
62387,"200,",480 ms
83383,"200,",527 ms
138981,"200,",533 ms
259491,"200,",375 ms
21450,"200,",346 ms
27749,"200,",263 ms
179856,"200,",313 ms
86652,"200,",238 ms
43779,"200,",299 ms
92777,"200,",361 ms
263218,"200,",474 ms
95098,"200,",582 ms
167610,"200,",566 ms
287140,"200,",562 ms
147858,"200,",336 ms
94157,"200,",299 ms
215815,"200,",340 ms
225533,"200,",276 ms
110197,"200,",314 ms
94131,"200,",606 ms
70110,"200,",615 ms
123891,"200,",627 ms
163937,"200,",673 ms
84614,"200,",690 ms
51279,"200,",395 ms
194186,"200,",399 ms
158012,"200,",430 ms
213418,"200,",429 ms
138107,"200,",405 ms
222296,"200,",371 ms
286363,"200,",366 ms
24631,"200,",237 ms
142330,"200,",372 ms
278064,"200,",305 ms
50940,"200,",268 ms
47408,"200,",481 ms
169726,"200,",636 ms
9953,"200,",703 ms
290164,"200,",751 ms
7557,"200,",769 ms
120570,"200,",764 ms
130199,"200,",393 ms
37816,"200,",347 ms
267307,"200,",397 ms
279913,"200,",484 ms
126779,"200,",738 ms
263957,"200,",578 ms
200616,"200,",253 ms
17970,"200,",292 ms
36915,"200,",282 ms
187625,"200,",294 ms
210944,"200,",313 ms
38388,"200,",282 ms
236031,"200,",247 ms
30699,"200,",322 ms
167188,"200,",326 ms
203795,"200,",526 ms
86419,"200,",524 ms
198858,"400,",558 ms
256564,"200,",519 ms
113870,"200,",537 ms
167783,"200,",278 ms
58660,"200,",311 ms
67002,"200,",279 ms
309086,"200,",403 ms
260702,"200,",433 ms
148798,"200,",136 ms
19652,"200,",355 ms
149607,"200,",307 ms
116766,"200,",454 ms
138820,"200,",393 ms
178948,"200,",350 ms
108805,"200,",335 ms
85141,"200,",361 ms
26876,"200,",381 ms
175911,"200,",391 ms
191912,"200,",408 ms
164255,"200,",595 ms
205481,"200,",710 ms
187410,"200,",716 ms
189328,"200,",718 ms
106061,"200,",799 ms
151191,"200,",794 ms
62934,"200,",792 ms
128775,"200,",325 ms
130234,"200,",385 ms
237888,"200,",374 ms
158671,"200,",431 ms
167297,"200,",471 ms
255851,"200,",319 ms
18461,"200,",310 ms
11429,"200,",296 ms
111691,"200,",348 ms
96616,"200,",374 ms
64025,"200,",406 ms
184322,"200,",420 ms
114049,"200,",453 ms
860,"200,",422 ms
8617,"200,",497 ms
1510,"200,",679 ms
269288,"200,",788 ms
252510,"0,",843 ms
100057,"200,",829 ms
11288,"0,",826 ms
81151,"0,",831 ms
301539,"200,",899 ms
160479,"200,",488 ms
13448,"200,",399 ms
288101,"200,",394 ms
139141,"200,",435 ms
276771,"200,",444 ms
278607,"200,",392 ms
131587,"200,",427 ms
99505,"200,",396 ms
107733,"200,",396 ms
81272,"200,",190 ms
159614,"200,",299 ms
76128,"200,",315 ms
87022,"200,",394 ms
159610,"200,",234 ms
48797,"200,",360 ms
207671,"200,",401 ms
259352,"200,",458 ms
142007,"200,",423 ms
94289,"200,",542 ms
164684,"200,",230 ms
170899,"200,",397 ms
269074,"200,",464 ms
82558,"200,",596 ms
47833,"200,",602 ms
294308,"200,",585 ms
155660,"200,",678 ms
273670,"200,",285 ms
85874,"200,",340 ms
159751,"200,",492 ms
251070,"200,",491 ms
270790,"200,",477 ms
28843,"200,",511 ms
67914,"200,",310 ms
257619,"200,",295 ms
148003,"200,",265 ms
135845,"200,",412 ms
250892,"200,",429 ms
272244,"200,",456 ms
207028,"200,",429 ms
122845,"200,",454 ms
179614,"200,",484 ms
163777,"200,",724 ms
195810,"0,",838 ms
277978,"0,",841 ms
256369,"0,",851 ms
140809,"0,",854 ms
184177,"0,",852 ms
142174,"0,",850 ms
298823,"0,",893 ms
34849,"200,",334 ms
231486,"200,",357 ms
182826,"200,",429 ms
239439,"200,",419 ms
249208,"200,",415 ms
284014,"200,",545 ms
208147,"200,",564 ms
16665,"200,",581 ms
262755,"200,",573 ms
154366,"200,",360 ms
78631,"200,",581 ms
267955,"200,",586 ms
115965,"200,",604 ms
80075,"200,",587 ms
164065,"200,",609 ms
137411,"200,",298 ms
189087,"200,",433 ms
14894,"200,",399 ms
99548,"200,",384 ms
229032,"200,",435 ms
102877,"200,",611 ms
255220,"200,",665 ms
158543,"200,",745 ms
254472,"200,",697 ms
135122,"200,",688 ms
60360,"200,",691 ms
161148,"200,",707 ms
200304,"200,",313 ms
96695,"200,",570 ms
286105,"200,",596 ms
254972,"200,",594 ms
145815,"200,",584 ms
116598,"200,",639 ms
171350,"200,",405 ms
122372,"200,",327 ms
145427,"200,",415 ms
257055,"200,",421 ms
11394,"200,",477 ms
41511,"200,",430 ms
139497,"200,",460 ms
121675,"200,",334 ms
186860,"200,",325 ms
74987,"200,",336 ms
275333,"200,",533 ms
143706,"200,",521 ms
224678,"200,",731 ms
286660,"200,",775 ms
277387,"200,",844 ms
33806,"200,",808 ms
54726,"200,",779 ms
51941,"200,",814 ms
287595,"200,",403 ms
54565,"200,",345 ms
283355,"200,",386 ms
11507,"200,",484 ms
113989,"200,",489 ms
125190,"200,",110 ms
304533,"200,",353 ms
258336,"200,",362 ms
154348,"200,",377 ms
59609,"200,",325 ms
275967,"200,",309 ms
19616,"200,",383 ms
80492,"200,",426 ms
97885,"200,",478 ms
193724,"200,",512 ms
172527,"200,",548 ms
146347,"200,",586 ms
219472,"200,",597 ms
144474,"200,",588 ms
167476,"200,",268 ms
279832,"200,",320 ms
175856,"200,",317 ms
192210,"200,",317 ms
238231,"200,",395 ms
223379,"200,",507 ms
16801,"200,",525 ms
251308,"200,",464 ms
40651,"200,",462 ms
228707,"200,",484 ms
267350,"200,",444 ms
184318,"200,",429 ms
292247,"200,",487 ms
230981,"200,",296 ms
35449,"200,",311 ms
31887,"200,",330 ms
60286,"200,",343 ms
213254,"200,",339 ms
176749,"200,",484 ms
169661,"200,",544 ms
250097,"200,",562 ms
180473,"200,",513 ms
266664,"200,",566 ms
258015,"200,",222 ms
206748,"200,",254 ms
74200,"200,",428 ms
559,"200,",453 ms
291346,"200,",447 ms
172972,"200,",447 ms
261061,"200,",326 ms
107629,"200,",491 ms
287954,"200,",493 ms
66801,"200,",364 ms
203661,"200,",385 ms
220398,"200,",351 ms
154235,"200,",366 ms
147177,"200,",220 ms
262685,"200,",253 ms
148984,"200,",344 ms
98389,"200,",361 ms
108833,"200,",361 ms
278161,"200,",415 ms
150226,"200,",347 ms
113351,"200,",387 ms
134048,"200,",426 ms
98591,"200,",441 ms
289351,"200,",452 ms
296173,"200,",450 ms
23254,"200,",316 ms
109362,"200,",357 ms
151010,"200,",455 ms
238338,"200,",476 ms
224178,"200,",446 ms
188478,"200,",299 ms
65376,"200,",313 ms
299313,"200,",308 ms
245518,"200,",431 ms
194735,"200,",450 ms
302842,"200,",454 ms
35783,"200,",406 ms
86464,"200,",408 ms
261677,"200,",428 ms
17944,"200,",427 ms
281465,"200,",437 ms
122949,"200,",205 ms
41016,"200,",307 ms
283591,"200,",382 ms
98485,"200,",384 ms
134921,"200,",415 ms
290459,"200,",438 ms
236620,"200,",451 ms
138384,"200,",438 ms
88369,"200,",287 ms
265715,"200,",385 ms
114970,"200,",385 ms
79980,"200,",409 ms
77783,"200,",412 ms
62820,"200,",516 ms
260846,"200,",520 ms
222942,"200,",550 ms
96924,"200,",674 ms
60587,"200,",675 ms
195031,"200,",617 ms
220197,"200,",240 ms
209519,"200,",266 ms
165634,"200,",262 ms
44083,"200,",380 ms
118430,"200,",391 ms
216081,"200,",378 ms
116803,"200,",393 ms
271320,"200,",472 ms
51670,"200,",515 ms
101863,"200,",609 ms
207400,"200,",611 ms
47413,"200,",570 ms
205134,"200,",518 ms
36925,"200,",627 ms
276410,"200,",391 ms
109468,"200,",426 ms
7045,"200,",357 ms
196693,"200,",396 ms
251841,"200,",311 ms
260902,"200,",201 ms
255260,"200,",355 ms
34399,"200,",407 ms
212924,"200,",409 ms
154545,"200,",509 ms
169380,"200,",500 ms
269247,"200,",566 ms
42194,"200,",553 ms
71494,"200,",263 ms
3120,"200,",403 ms
275746,"200,",340 ms
209152,"200,",395 ms
5679,"200,",406 ms
109513,"200,",480 ms
88306,"200,",456 ms
231334,"200,",308 ms
260390,"200,",287 ms
130495,"200,",340 ms
107570,"200,",423 ms
238844,"200,",208 ms
185513,"200,",501 ms
160246,"200,",428 ms
7582,"200,",526 ms
201169,"200,",586 ms
233028,"200,",628 ms
292671,"200,",659 ms
212094,"200,",641 ms
306694,"200,",645 ms
127039,"200,",376 ms
265709,"200,",365 ms
95790,"200,",411 ms
301456,"200,",258 ms
221331,"200,",312 ms
36713,"200,",464 ms
25587,"200,",617 ms
74198,"200,",506 ms
169869,"200,",592 ms
236514,"200,",609 ms
101797,"200,",353 ms
132886,"200,",402 ms
143498,"200,",632 ms
190722,"200,",658 ms
184235,"200,",722 ms
56593,"200,",757 ms
271163,"200,",737 ms
108031,"200,",775 ms
111683,"200,",387 ms
91396,"200,",434 ms
202327,"200,",437 ms
142161,"200,",484 ms
135654,"200,",405 ms
123971,"200,",337 ms
254411,"200,",395 ms
61377,"200,",399 ms
247723,"200,",410 ms
272481,"200,",355 ms
298294,"200,",453 ms
247960,"200,",422 ms
150723,"200,",455 ms
12307,"200,",279 ms
123601,"200,",557 ms
273398,"200,",449 ms
199517,"200,",451 ms
258600,"200,",475 ms
231538,"200,",397 ms
24775,"200,",396 ms
87135,"200,",394 ms
58122,"200,",424 ms
290515,"200,",352 ms
71801,"200,",368 ms
169944,"200,",415 ms
269100,"200,",541 ms
306503,"200,",520 ms
94524,"200,",545 ms
129613,"200,",339 ms
4116,"200,",249 ms
114883,"200,",333 ms
232695,"200,",386 ms
205541,"200,",334 ms
231493,"200,",442 ms
15672,"200,",555 ms
38227,"200,",531 ms
104670,"200,",559 ms
104544,"200,",529 ms
148511,"200,",481 ms
92016,"200,",644 ms
94330,"200,",653 ms
256172,"200,",625 ms
215425,"200,",692 ms
125546,"200,",698 ms
55536,"200,",660 ms
18962,"200,",299 ms
9866,"200,",367 ms
304987,"0,",802 ms
102800,"200,",326 ms
28037,"200,",319 ms
178588,"200,",365 ms
214042,"200,",369 ms
65374,"200,",372 ms
267195,"200,",397 ms
252502,"200,",462 ms
48030,"200,",459 ms
97723,"200,",317 ms
54292,"200,",359 ms
123113,"200,",358 ms
203222,"200,",368 ms
121294,"200,",136 ms
159793,"200,",325 ms
258972,"200,",369 ms
200817,"200,",367 ms
252613,"200,",374 ms
170297,"200,",322 ms
21302,"200,",362 ms
127532,"200,",361 ms
9079,"200,",343 ms
139655,"200,",365 ms
164944,"200,",393 ms
45414,"200,",397 ms
225880,"200,",302 ms
278035,"200,",356 ms
39771,"200,",447 ms
172504,"200,",479 ms
62691,"200,",387 ms
101006,"200,",498 ms
235477,"200,",513 ms
181559,"200,",542 ms
19863,"200,",524 ms
124183,"200,",307 ms
111564,"200,",412 ms
196392,"200,",387 ms
99152,"200,",378 ms
44731,"200,",504 ms
237828,"200,",492 ms
119525,"200,",524 ms
260491,"200,",496 ms
226474,"200,",558 ms
302663,"200,",548 ms
202350,"200,",404 ms
72188,"200,",423 ms
136890,"200,",212 ms
301386,"200,",324 ms
150968,"200,",326 ms
37207,"200,",411 ms
152830,"200,",409 ms
283079,"200,",363 ms
99187,"200,",175 ms
78697,"200,",397 ms
252716,"200,",419 ms
295202,"200,",421 ms
67069,"200,",372 ms
89859,"200,",594 ms
36798,"200,",598 ms
207845,"200,",618 ms
76283,"200,",616 ms
28083,"200,",631 ms
268268,"200,",300 ms
36746,"200,",282 ms
125191,"200,",264 ms
80241,"200,",293 ms
195142,"200,",389 ms
166893,"200,",422 ms
70864,"200,",466 ms
34964,"200,",474 ms
169249,"200,",585 ms
150067,"200,",577 ms
129463,"200,",585 ms
222898,"200,",342 ms
119153,"200,",373 ms
39618,"200,",362 ms
179064,"200,",432 ms
43998,"200,",424 ms
12399,"200,",283 ms
281107,"200,",328 ms
83956,"200,",355 ms
305805,"200,",331 ms
258359,"200,",329 ms
211299,"200,",426 ms
113188,"200,",395 ms
277795,"200,",391 ms
49876,"200,",405 ms
37087,"200,",455 ms
211101,"200,",427 ms
175422,"200,",471 ms
75539,"200,",431 ms
237141,"200,",463 ms
248225,"200,",483 ms
168705,"200,",537 ms
34801,"200,",543 ms
81394,"200,",463 ms
186659,"200,",585 ms
249987,"200,",630 ms
57587,"200,",723 ms
198644,"200,",729 ms
43900,"200,",755 ms
75870,"200,",727 ms
18372,"200,",343 ms
237479,"200,",404 ms
128386,"200,",352 ms
158849,"200,",416 ms
17618,"200,",367 ms
3639,"200,",383 ms
275230,"200,",442 ms
153385,"200,",416 ms
220478,"200,",299 ms
203335,"200,",316 ms
182183,"200,",322 ms
8209,"200,",393 ms
119064,"200,",384 ms
308403,"200,",394 ms
70378,"200,",363 ms
178191,"200,",220 ms
138833,"200,",252 ms
255171,"200,",444 ms
293776,"200,",372 ms
248416,"200,",357 ms
197994,"200,",387 ms
48574,"200,",319 ms
15998,"200,",349 ms
30980,"200,",464 ms
183494,"200,",471 ms
241260,"200,",443 ms
105053,"200,",438 ms
109174,"200,",460 ms
110680,"200,",342 ms
29864,"200,",313 ms
37425,"200,",400 ms
302413,"200,",333 ms
122137,"200,",403 ms
127052,"200,",232 ms
14756,"200,",340 ms
29773,"200,",388 ms
109787,"200,",444 ms
133896,"200,",431 ms
228164,"200,",418 ms
285813,"200,",416 ms
169469,"200,",375 ms
171719,"200,",425 ms
98275,"200,",345 ms
81722,"200,",405 ms
260155,"200,",351 ms
213036,"200,",419 ms
10069,"200,",409 ms
178469,"200,",417 ms
213798,"200,",357 ms
308358,"200,",466 ms
82920,"200,",523 ms
249175,"200,",581 ms
284450,"200,",523 ms
179270,"200,",569 ms
7949,"200,",476 ms
302007,"200,",485 ms
54607,"200,",523 ms
260253,"200,",535 ms
278346,"200,",509 ms
306495,"200,",305 ms
251041,"200,",347 ms
7439,"200,",547 ms
151104,"200,",630 ms
203611,"200,",645 ms
239162,"200,",654 ms
234445,"200,",648 ms
128744,"200,",304 ms
232044,"200,",594 ms
120168,"200,",598 ms
260659,"200,",143 ms
39111,"200,",590 ms
67717,"400,",597 ms
108498,"200,",294 ms
48011,"200,",295 ms
269059,"200,",339 ms
166148,"200,",400 ms
175819,"200,",416 ms
43545,"200,",365 ms
198885,"200,",331 ms
286074,"200,",312 ms
171955,"200,",330 ms
170659,"200,",305 ms
24654,"200,",301 ms
253844,"200,",306 ms
23691,"200,",342 ms
152984,"200,",327 ms
195071,"200,",451 ms
80185,"200,",439 ms
69532,"200,",350 ms
20108,"200,",348 ms
253595,"200,",359 ms
76074,"200,",381 ms
181925,"200,",370 ms
69956,"200,",428 ms
97689,"200,",463 ms
247261,"200,",515 ms
19136,"200,",501 ms
70643,"200,",485 ms
133376,"200,",523 ms
173930,"200,",333 ms
127469,"200,",461 ms
133667,"200,",360 ms
244958,"200,",439 ms
31922,"200,",437 ms
306856,"200,",300 ms
44498,"200,",324 ms
181181,"200,",316 ms
262295,"200,",473 ms
49182,"200,",475 ms
138544,"200,",286 ms
84476,"200,",324 ms
169543,"200,",257 ms
289591,"200,",277 ms
200705,"200,",395 ms
53643,"200,",419 ms
196666,"200,",458 ms
222207,"200,",476 ms
45640,"200,",328 ms
159196,"200,",457 ms
9514,"200,",296 ms
57862,"200,",490 ms
21967,"200,",471 ms
48871,"200,",607 ms
254915,"200,",379 ms
23943,"200,",368 ms
145522,"200,",511 ms
165157,"200,",513 ms
169840,"200,",500 ms
193215,"200,",504 ms
223337,"200,",361 ms
64257,"200,",364 ms
268361,"200,",472 ms
245112,"200,",314 ms
284204,"200,",395 ms
286276,"200,",293 ms
8707,"200,",420 ms
300362,"200,",426 ms
196801,"200,",427 ms
181679,"200,",421 ms
137204,"200,",413 ms
185124,"200,",273 ms
160330,"200,",478 ms
197289,"200,",607 ms
210965,"200,",648 ms
144507,"200,",673 ms
290812,"200,",635 ms
285532,"200,",697 ms
140251,"200,",289 ms
151159,"200,",230 ms
287412,"200,",256 ms
128632,"200,",351 ms
130419,"200,",281 ms
207753,"200,",267 ms
107999,"200,",380 ms
54805,"200,",367 ms
15770,"200,",399 ms
8718,"200,",411 ms
89224,"200,",445 ms
21070,"200,",457 ms
232240,"200,",340 ms
44613,"200,",345 ms
39434,"200,",374 ms
74043,"200,",451 ms
22845,"200,",490 ms
150046,"200,",523 ms
217865,"200,",416 ms
24721,"200,",410 ms
236721,"200,",405 ms
114005,"200,",424 ms
275616,"200,",333 ms
209005,"200,",349 ms
242385,"200,",502 ms
90339,"200,",499 ms
218949,"200,",490 ms
240867,"200,",463 ms
270890,"200,",489 ms
65478,"200,",630 ms
79508,"200,",451 ms
37929,"200,",655 ms
23571,"200,",316 ms
303798,"200,",322 ms
234913,"200,",355 ms
184152,"200,",466 ms
155408,"200,",525 ms
25474,"400,",525 ms
64697,"200,",577 ms
125098,"200,",605 ms
213842,"200,",361 ms
193289,"200,",436 ms
140030,"200,",355 ms
189947,"200,",366 ms
162998,"200,",340 ms
15620,"200,",355 ms
138009,"200,",437 ms
257165,"200,",606 ms
298565,"200,",563 ms
45287,"200,",614 ms
240493,"200,",603 ms
24598,"200,",622 ms
36665,"200,",482 ms
160512,"200,",314 ms
301955,"200,",376 ms
121400,"200,",367 ms
233389,"200,",356 ms
198797,"200,",400 ms
111387,"200,",326 ms
75013,"200,",464 ms
282376,"200,",440 ms
304866,"200,",368 ms
305766,"200,",452 ms
293735,"200,",447 ms
76511,"200,",530 ms
54408,"200,",549 ms
29878,"200,",639 ms
186333,"200,",622 ms
52481,"200,",659 ms
276887,"200,",444 ms
16069,"200,",372 ms
67460,"200,",370 ms
231980,"200,",443 ms
246371,"200,",429 ms
16414,"200,",451 ms
33374,"200,",552 ms
268033,"200,",530 ms
57083,"200,",573 ms
70254,"200,",544 ms
124591,"200,",372 ms
220781,"200,",374 ms
239468,"200,",67 ms
300096,"200,",377 ms
276607,"200,",392 ms
173987,"200,",287 ms
119642,"200,",371 ms
144725,"200,",419 ms
58385,"200,",407 ms
168061,"200,",501 ms
287377,"200,",499 ms
20460,"200,",248 ms
235917,"200,",344 ms
38414,"200,",540 ms
20847,"200,",511 ms
3658,"200,",567 ms
275193,"200,",592 ms
125166,"200,",610 ms
189994,"200,",627 ms
177346,"200,",316 ms
177653,"200,",376 ms
140021,"200,",587 ms
179652,"200,",617 ms
142757,"200,",623 ms
28534,"200,",658 ms
53681,"200,",636 ms
284437,"200,",277 ms
210245,"200,",269 ms
122210,"200,",397 ms
101773,"200,",373 ms
157181,"200,",544 ms
255638,"200,",536 ms
99955,"200,",592 ms
3500,"200,",621 ms
132090,"200,",583 ms
31174,"200,",411 ms
53591,"200,",297 ms
126680,"200,",318 ms
87885,"200,",330 ms
266834,"200,",273 ms
120813,"200,",335 ms
169427,"200,",307 ms
29752,"200,",293 ms
289408,"200,",331 ms
220571,"200,",362 ms
289945,"200,",367 ms
49427,"200,",441 ms
114968,"200,",420 ms
297555,"200,",423 ms
184420,"200,",313 ms
112096,"200,",420 ms
259144,"200,",347 ms
142351,"200,",436 ms
220569,"200,",294 ms
160946,"200,",330 ms
214514,"200,",345 ms
291995,"200,",349 ms
289413,"200,",413 ms
96749,"200,",455 ms
101822,"200,",449 ms
159057,"200,",470 ms
154125,"200,",312 ms
93724,"200,",370 ms
222579,"200,",371 ms
293785,"200,",478 ms
284381,"200,",549 ms
255113,"200,",363 ms
167978,"200,",371 ms
49117,"200,",383 ms
185831,"200,",355 ms
202999,"200,",312 ms
262635,"200,",360 ms
209536,"200,",464 ms
37610,"200,",513 ms
21165,"200,",560 ms
175817,"200,",562 ms
191147,"200,",378 ms
44149,"200,",448 ms
124561,"200,",505 ms
241229,"200,",499 ms
139774,"200,",598 ms
242545,"200,",735 ms
277060,"200,",756 ms
243470,"200,",812 ms
175721,"200,",822 ms
287622,"200,",840 ms
201276,"400,",367 ms
76638,"200,",441 ms
260883,"200,",431 ms
221431,"200,",474 ms
8552,"200,",441 ms
224419,"200,",433 ms
71009,"200,",468 ms
88151,"200,",535 ms
258737,"200,",276 ms
159719,"200,",261 ms
60927,"200,",339 ms
38585,"200,",511 ms
18532,"200,",542 ms
250300,"200,",648 ms
165199,"200,",663 ms
244673,"200,",683 ms
110323,"200,",686 ms
54987,"200,",284 ms
71763,"200,",363 ms
286542,"200,",411 ms
52904,"200,",428 ms
265285,"200,",279 ms
92394,"200,",402 ms
2181,"200,",297 ms
169089,"200,",295 ms
183823,"200,",365 ms
185921,"200,",332 ms
146616,"200,",493 ms
181978,"200,",511 ms
129963,"200,",391 ms
144931,"200,",355 ms
200221,"200,",413 ms
168920,"200,",411 ms
126309,"200,",358 ms
142634,"200,",387 ms
301814,"200,",393 ms
138175,"200,",393 ms
281093,"200,",362 ms
184182,"200,",412 ms
101114,"200,",377 ms
25597,"200,",322 ms
121670,"200,",324 ms
171267,"200,",417 ms
192815,"200,",531 ms
153117,"200,",614 ms
113106,"200,",643 ms
121076,"200,",641 ms
147232,"200,",470 ms
22551,"200,",499 ms
185407,"200,",494 ms
31340,"200,",505 ms
181377,"200,",532 ms
66058,"200,",360 ms
6584,"200,",537 ms
270584,"200,",607 ms
174736,"200,",632 ms
246417,"200,",620 ms
13166,"200,",629 ms
190322,"200,",241 ms
11577,"200,",359 ms
164777,"200,",288 ms
219835,"200,",266 ms
267244,"200,",584 ms
256654,"200,",345 ms
235954,"200,",607 ms
221494,"200,",629 ms
4446,"200,",651 ms
187167,"200,",650 ms
216456,"200,",313 ms
32532,"200,",344 ms
198954,"200,",300 ms
230305,"200,",344 ms
29798,"200,",307 ms
223392,"200,",367 ms
111661,"200,",529 ms
275823,"200,",538 ms
121788,"200,",537 ms
160130,"200,",317 ms
27254,"200,",387 ms
258585,"200,",640 ms
241346,"200,",769 ms
25201,"200,",760 ms
100293,"200,",765 ms
156950,"200,",803 ms
163303,"200,",834 ms
36848,"200,",833 ms
102954,"0,",902 ms
22267,"200,",361 ms
233732,"200,",378 ms
58199,"200,",362 ms
194001,"200,",335 ms
244625,"200,",510 ms
192013,"200,",507 ms
276271,"200,",540 ms
90950,"200,",513 ms
10386,"200,",440 ms
43039,"200,",452 ms
257872,"200,",455 ms
177943,"200,",460 ms
78591,"200,",509 ms
245146,"200,",225 ms
305321,"200,",351 ms
7151,"200,",399 ms
274208,"200,",376 ms
57891,"200,",406 ms
213827,"200,",360 ms
290177,"200,",311 ms
146574,"200,",417 ms
59477,"200,",444 ms
160236,"200,",444 ms
188535,"200,",440 ms
51798,"200,",325 ms
88996,"200,",353 ms
234159,"200,",399 ms
98356,"200,",434 ms
44723,"200,",320 ms
65447,"200,",352 ms
290998,"200,",418 ms
69367,"200,",462 ms
177775,"200,",517 ms
193076,"200,",547 ms
271220,"200,",558 ms
127333,"200,",276 ms
143589,"200,",286 ms
24517,"200,",261 ms
277582,"200,",610 ms
241563,"200,",627 ms
148694,"200,",627 ms
294915,"200,",669 ms
199950,"200,",365 ms
284099,"200,",356 ms
134828,"200,",430 ms
199163,"200,",440 ms
24173,"200,",307 ms
161798,"200,",440 ms
158148,"200,",369 ms
4311,"200,",435 ms
166205,"200,",450 ms
291439,"200,",466 ms
266931,"200,",454 ms
224472,"200,",352 ms
222954,"200,",431 ms
241625,"200,",413 ms
160295,"200,",476 ms
75666,"200,",467 ms
222911,"200,",443 ms
143862,"200,",444 ms
276181,"200,",422 ms
158386,"200,",464 ms
106951,"200,",476 ms
198030,"200,",442 ms
64504,"200,",446 ms
50004,"200,",596 ms
229330,"200,",627 ms
2283,"200,",579 ms
45552,"200,",593 ms
231675,"200,",281 ms
283698,"200,",374 ms
212520,"200,",373 ms
160321,"200,",363 ms
286994,"200,",164 ms
58606,"200,",274 ms
232139,"200,",167 ms
18804,"200,",346 ms
115632,"200,",348 ms
95949,"200,",389 ms
18016,"200,",154 ms
224591,"200,",379 ms
19310,"200,",447 ms
295227,"200,",465 ms
210663,"200,",523 ms
208043,"200,",506 ms
211036,"200,",460 ms
120314,"200,",445 ms
245745,"200,",412 ms
172365,"200,",446 ms
297478,"200,",331 ms
40781,"200,",361 ms
26768,"200,",449 ms
117116,"200,",494 ms
228805,"200,",502 ms
41752,"200,",330 ms
69000,"200,",426 ms
46248,"400,",398 ms
255774,"200,",410 ms
306132,"200,",660 ms
90407,"200,",670 ms
271332,"200,",685 ms
26682,"200,",385 ms
82918,"200,",395 ms
97376,"200,",286 ms
47768,"200,",449 ms
236999,"200,",494 ms
245056,"200,",615 ms
102860,"200,",644 ms
258808,"200,",643 ms
185127,"200,",662 ms
90681,"200,",643 ms
112217,"200,",335 ms
190553,"200,",348 ms
211521,"200,",339 ms
78304,"200,",431 ms
125462,"200,",476 ms
229951,"200,",183 ms
91503,"200,",362 ms
12838,"200,",302 ms
103700,"200,",330 ms
153544,"200,",358 ms
225102,"200,",352 ms
141324,"200,",411 ms
95179,"200,",558 ms
174005,"200,",541 ms
231196,"200,",599 ms
97806,"200,",584 ms
106785,"200,",478 ms
221286,"200,",481 ms
270388,"200,",480 ms
272805,"200,",530 ms
125670,"200,",563 ms
246527,"200,",498 ms
161965,"200,",509 ms
64529,"200,",486 ms
85859,"200,",540 ms
7832,"200,",546 ms
184340,"200,",327 ms
256391,"200,",529 ms
283422,"200,",608 ms
76332,"200,",724 ms
280123,"200,",735 ms
73601,"200,",701 ms
262029,"200,",724 ms
82338,"200,",753 ms
23192,"200,",304 ms
255733,"200,",318 ms
101319,"200,",373 ms
115432,"200,",438 ms
30224,"200,",454 ms
228720,"200,",448 ms
122157,"200,",319 ms
183220,"200,",344 ms
209827,"200,",362 ms
170029,"200,",318 ms
94936,"200,",636 ms
167280,"200,",684 ms
30208,"200,",744 ms
78703,"200,",711 ms
47611,"200,",750 ms
101549,"200,",742 ms
304082,"200,",297 ms
163729,"200,",413 ms
132665,"200,",459 ms
65532,"200,",548 ms
6133,"200,",567 ms
171860,"200,",582 ms
26849,"200,",496 ms
167203,"200,",550 ms
256915,"200,",586 ms
79294,"200,",604 ms
277743,"200,",613 ms
134501,"200,",623 ms
115235,"200,",304 ms
134015,"200,",383 ms
249173,"200,",395 ms
270467,"200,",377 ms
230095,"200,",347 ms
128390,"200,",386 ms
147374,"200,",269 ms
105082,"200,",390 ms
181771,"200,",396 ms
113381,"200,",427 ms
97787,"200,",442 ms
216441,"200,",266 ms
184035,"200,",401 ms
44211,"200,",383 ms
178258,"200,",273 ms
217289,"200,",400 ms
16616,"200,",432 ms
217440,"200,",446 ms
132214,"200,",447 ms
168481,"200,",439 ms
123647,"200,",208 ms
36748,"200,",224 ms
252259,"200,",361 ms
308519,"200,",553 ms
83099,"200,",583 ms
92658,"200,",620 ms
61889,"200,",621 ms
222545,"200,",615 ms
49210,"200,",419 ms
8277,"200,",405 ms
210518,"200,",386 ms
30576,"200,",368 ms
282259,"200,",212 ms
238690,"200,",470 ms
98604,"200,",451 ms
59970,"200,",497 ms
193008,"200,",521 ms
89436,"200,",518 ms
278910,"200,",441 ms
147310,"200,",444 ms
255783,"200,",450 ms
266350,"200,",465 ms
20538,"200,",408 ms
201378,"200,",600 ms
258606,"200,",666 ms
68109,"200,",475 ms
41672,"200,",661 ms
165402,"200,",655 ms
25580,"200,",695 ms
288300,"200,",260 ms
156839,"200,",294 ms
198244,"200,",411 ms
109849,"200,",395 ms
173842,"200,",436 ms
71176,"200,",59 ms
101737,"200,",178 ms
38949,"200,",199 ms
57626,"200,",92 ms
107665,"200,",381 ms
223359,"200,",397 ms
75318,"200,",382 ms
183918,"200,",380 ms
256923,"200,",431 ms
114408,"200,",444 ms
238801,"200,",381 ms
10520,"200,",356 ms
245881,"200,",447 ms
83950,"200,",397 ms
155031,"200,",182 ms
179613,"200,",319 ms
243418,"200,",451 ms
8621,"200,",483 ms
43661,"200,",538 ms
160962,"200,",584 ms
262319,"200,",559 ms
82316,"200,",414 ms
61127,"200,",483 ms
210994,"200,",320 ms
2015,"200,",426 ms
127996,"200,",313 ms
161640,"200,",332 ms
294376,"200,",366 ms
175630,"200,",324 ms
233894,"200,",417 ms
308066,"200,",399 ms
24012,"200,",365 ms
300553,"200,",378 ms
206366,"200,",444 ms
247659,"200,",499 ms
48912,"200,",535 ms
215840,"200,",521 ms
189692,"200,",582 ms
133118,"200,",381 ms
29717,"200,",680 ms
206292,"200,",766 ms
292186,"200,",814 ms
41396,"200,",788 ms
189491,"200,",801 ms
257883,"200,",802 ms
301788,"200,",800 ms
167723,"200,",406 ms
209344,"200,",443 ms
6040,"200,",497 ms
262922,"200,",378 ms
297299,"200,",439 ms
10306,"200,",438 ms
209131,"200,",443 ms
78468,"200,",341 ms
297538,"200,",380 ms
87013,"200,",414 ms
76007,"200,",495 ms
35282,"200,",525 ms
157149,"200,",404 ms
80681,"200,",664 ms
303901,"200,",661 ms
309275,"200,",634 ms
8046,"200,",157 ms
109969,"200,",295 ms
217279,"200,",373 ms
181704,"200,",352 ms
217883,"200,",357 ms
236848,"200,",357 ms
149996,"200,",317 ms
112226,"200,",363 ms
180936,"200,",424 ms
142880,"200,",420 ms
245522,"200,",428 ms
187253,"200,",268 ms
239151,"200,",340 ms
299332,"200,",379 ms
227693,"200,",397 ms
185204,"200,",399 ms
95219,"200,",424 ms
70731,"200,",431 ms
26945,"200,",513 ms
260124,"200,",504 ms
264618,"200,",429 ms
144834,"200,",354 ms
161161,"200,",426 ms
143551,"200,",613 ms
193696,"200,",585 ms
206277,"200,",606 ms
159882,"200,",616 ms
71070,"200,",350 ms
262876,"200,",279 ms
87292,"200,",424 ms
34446,"200,",447 ms
129370,"200,",421 ms
123688,"200,",460 ms
155446,"200,",386 ms
253532,"200,",316 ms
183610,"200,",429 ms
198754,"200,",500 ms
18067,"200,",513 ms
283562,"200,",516 ms
90572,"200,",365 ms
27229,"200,",215 ms
37768,"200,",349 ms
86722,"200,",387 ms
260223,"200,",371 ms
170077,"200,",313 ms
62068,"200,",423 ms
251387,"200,",276 ms
204493,"200,",566 ms
80853,"200,",524 ms
80194,"200,",566 ms
164972,"200,",570 ms
16843,"200,",590 ms
173722,"200,",564 ms
80998,"200,",654 ms
177372,"200,",583 ms
100238,"200,",672 ms
80,"200,",396 ms
222611,"200,",455 ms
127553,"200,",457 ms
178578,"200,",461 ms
156510,"200,",342 ms
138385,"200,",317 ms
35567,"200,",341 ms
213817,"200,",298 ms
93211,"200,",375 ms
174017,"200,",472 ms
35197,"200,",429 ms
160543,"200,",461 ms
89927,"200,",185 ms
303904,"200,",329 ms
33392,"200,",356 ms
218598,"200,",357 ms
131195,"200,",373 ms
260194,"200,",389 ms
81580,"200,",306 ms
290253,"200,",306 ms
261427,"200,",361 ms
201384,"200,",315 ms
63382,"200,",295 ms
298171,"200,",396 ms
178389,"200,",502 ms
291057,"200,",487 ms
245730,"200,",494 ms
255265,"200,",466 ms
274709,"200,",416 ms
278111,"200,",432 ms
171124,"200,",436 ms
238852,"200,",442 ms
117654,"200,",325 ms
218185,"200,",366 ms
62250,"200,",388 ms
233193,"200,",404 ms
140511,"200,",376 ms
167909,"200,",444 ms
268475,"200,",471 ms
63499,"200,",460 ms
34690,"200,",458 ms
183856,"200,",294 ms
110496,"200,",292 ms
260963,"200,",411 ms
41737,"200,",456 ms
192070,"200,",522 ms
306740,"200,",248 ms
288981,"200,",321 ms
175663,"200,",298 ms
254234,"200,",529 ms
112362,"200,",559 ms
94048,"200,",519 ms
170466,"200,",550 ms
77090,"200,",271 ms
12040,"200,",679 ms
157117,"200,",836 ms
3966,"200,",833 ms
175167,"200,",832 ms
114532,"200,",821 ms
176078,"0,",837 ms
52932,"0,",837 ms
229200,"200,",309 ms
185680,"200,",351 ms
215754,"200,",327 ms
29759,"200,",351 ms
192159,"200,",400 ms
227397,"200,",368 ms
113248,"200,",344 ms
244843,"200,",389 ms
116995,"200,",428 ms
304492,"200,",431 ms
268855,"200,",363 ms
37015,"200,",508 ms
69324,"200,",524 ms
192568,"200,",315 ms
157629,"200,",401 ms
74510,"200,",221 ms
294214,"200,",332 ms
29791,"200,",305 ms
266768,"200,",341 ms
14019,"200,",365 ms
138012,"200,",501 ms
81631,"200,",609 ms
183783,"200,",622 ms
117457,"200,",662 ms
50822,"200,",645 ms
64348,"200,",691 ms
180121,"200,",414 ms
65976,"200,",414 ms
235264,"200,",360 ms
223743,"200,",458 ms
78903,"200,",220 ms
179640,"200,",320 ms
50506,"200,",314 ms
110113,"200,",435 ms
304107,"200,",449 ms
83314,"200,",465 ms
125325,"200,",499 ms
182848,"200,",319 ms
268559,"200,",352 ms
219775,"200,",439 ms
237935,"200,",447 ms
241751,"200,",384 ms
89172,"200,",420 ms
64159,"200,",383 ms
20355,"200,",395 ms
56058,"200,",442 ms
111149,"200,",502 ms
148628,"200,",522 ms
15629,"200,",580 ms
22803,"200,",710 ms
244209,"200,",705 ms
145313,"200,",738 ms
278892,"200,",726 ms
221029,"200,",724 ms
77786,"200,",246 ms
302765,"200,",267 ms
209818,"200,",286 ms
11326,"200,",265 ms
193197,"200,",334 ms
273537,"200,",370 ms
144063,"200,",405 ms
20106,"200,",504 ms
41410,"200,",565 ms
230454,"200,",618 ms
175514,"200,",600 ms
74986,"200,",594 ms
306254,"200,",378 ms
305592,"200,",441 ms
89081,"200,",430 ms
38994,"200,",460 ms
287705,"200,",376 ms
277702,"200,",388 ms
220206,"200,",387 ms
185804,"200,",393 ms
199259,"200,",419 ms
156283,"200,",508 ms
69681,"200,",505 ms
6026,"200,",511 ms
186632,"200,",322 ms
19604,"200,",504 ms
159159,"200,",482 ms
188078,"200,",517 ms
62220,"200,",562 ms
190826,"200,",267 ms
290599,"200,",284 ms
81274,"200,",298 ms
137535,"200,",366 ms
25054,"200,",437 ms
244220,"200,",442 ms
197135,"200,",441 ms
3646,"200,",385 ms
302124,"200,",405 ms
94193,"200,",414 ms
37006,"200,",410 ms
71670,"200,",521 ms
88426,"200,",517 ms
50985,"200,",342 ms
202122,"200,",301 ms
253505,"200,",389 ms
248493,"200,",411 ms
50690,"200,",433 ms
72351,"200,",377 ms
226368,"200,",287 ms
47763,"200,",408 ms
249080,"200,",373 ms
84847,"200,",335 ms
267557,"200,",331 ms
233057,"200,",362 ms
294200,"200,",372 ms
147966,"200,",375 ms
244572,"200,",422 ms
147713,"200,",399 ms
18033,"200,",344 ms
57248,"200,",329 ms
253616,"200,",513 ms
155160,"200,",504 ms
282676,"200,",573 ms
277442,"200,",503 ms
230905,"200,",551 ms
279135,"200,",585 ms
234188,"200,",606 ms
247854,"200,",645 ms
176378,"200,",653 ms
105084,"200,",464 ms
150778,"200,",312 ms
279420,"200,",389 ms
290837,"200,",404 ms
153632,"200,",390 ms
281174,"200,",415 ms
305320,"200,",276 ms
83071,"200,",336 ms
64511,"200,",349 ms
147275,"200,",416 ms
293434,"200,",441 ms
179517,"200,",529 ms
133281,"200,",484 ms
272185,"200,",543 ms
93949,"200,",199 ms
126150,"200,",441 ms
64829,"200,",417 ms
109038,"200,",451 ms
185321,"200,",481 ms
145017,"200,",469 ms
221932,"200,",435 ms
238160,"200,",489 ms
255731,"200,",482 ms
248482,"200,",493 ms
163394,"200,",499 ms
261242,"200,",510 ms
282303,"200,",518 ms
101404,"200,",560 ms
62015,"200,",559 ms
137974,"200,",572 ms
28260,"200,",334 ms
264995,"200,",329 ms
3701,"200,",338 ms
148262,"200,",391 ms
103506,"200,",485 ms
273647,"200,",492 ms
157606,"200,",527 ms
7371,"200,",596 ms
226517,"200,",644 ms
30145,"200,",333 ms
17063,"200,",364 ms
216868,"200,",404 ms
28013,"200,",223 ms
95700,"200,",450 ms
4556,"200,",473 ms
11977,"200,",637 ms
32246,"200,",606 ms
215831,"200,",681 ms
134797,"200,",616 ms
230126,"200,",428 ms
141313,"200,",466 ms
292411,"200,",477 ms
11368,"200,",501 ms
268348,"200,",483 ms
22602,"200,",242 ms
184288,"200,",360 ms
103530,"200,",369 ms
187266,"200,",352 ms
183354,"400,",248 ms
200906,"200,",257 ms
121890,"200,",373 ms
182009,"200,",406 ms
242025,"200,",544 ms
180094,"200,",555 ms
126712,"200,",547 ms
224449,"400,",283 ms
266916,"200,",412 ms
208393,"200,",403 ms
167037,"200,",453 ms
38072,"200,",476 ms
277116,"200,",333 ms
136561,"200,",419 ms
69213,"200,",506 ms
298402,"200,",398 ms
301270,"200,",414 ms
222186,"200,",304 ms
144058,"200,",408 ms
143849,"200,",371 ms
126417,"200,",263 ms
40762,"200,",260 ms
201106,"200,",412 ms
104023,"200,",383 ms
158446,"200,",311 ms
23624,"200,",423 ms
218379,"200,",338 ms
199313,"200,",359 ms
40142,"200,",344 ms
216464,"200,",336 ms
75943,"200,",462 ms
155693,"200,",487 ms
304842,"200,",561 ms
273524,"200,",570 ms
248991,"200,",579 ms
67219,"200,",362 ms
300981,"200,",632 ms
116872,"200,",596 ms
264414,"200,",645 ms
74817,"200,",621 ms
241995,"200,",615 ms
45607,"200,",478 ms
259563,"200,",434 ms
270660,"200,",566 ms
140268,"200,",534 ms
9846,"200,",522 ms
34310,"200,",350 ms
255779,"200,",361 ms
300619,"200,",430 ms
128545,"200,",522 ms
145655,"200,",583 ms
235011,"200,",607 ms
185774,"200,",579 ms
129475,"200,",611 ms
192101,"200,",478 ms
165609,"200,",489 ms
269906,"200,",487 ms
128579,"200,",502 ms
246104,"200,",447 ms
88580,"200,",503 ms
298777,"200,",521 ms
77708,"200,",529 ms
19209,"200,",537 ms
166920,"200,",331 ms
158514,"200,",314 ms
33354,"200,",344 ms
150498,"200,",293 ms
289477,"200,",315 ms
51510,"200,",329 ms
257932,"200,",363 ms
249743,"200,",373 ms
205231,"200,",411 ms
272198,"200,",186 ms
302781,"200,",412 ms
12110,"200,",397 ms
18357,"200,",408 ms
7776,"200,",353 ms
188339,"200,",402 ms
45821,"200,",420 ms
120823,"200,",429 ms
138971,"200,",322 ms
216334,"200,",455 ms
49948,"200,",355 ms
175485,"200,",397 ms
304130,"200,",393 ms
176995,"400,",419 ms
52228,"200,",416 ms
43931,"200,",431 ms
177691,"200,",478 ms
307904,"200,",416 ms
37989,"200,",627 ms
271547,"200,",641 ms
218589,"200,",685 ms
295489,"200,",705 ms
306355,"200,",712 ms
302029,"200,",691 ms
157701,"200,",397 ms
28735,"200,",325 ms
29360,"200,",319 ms
117012,"200,",277 ms
49360,"200,",304 ms
443,"200,",522 ms
112837,"200,",183 ms
281477,"200,",174 ms
42221,"200,",258 ms
115310,"200,",505 ms
20071,"200,",513 ms
198692,"200,",502 ms
26272,"200,",340 ms
91619,"200,",255 ms
216468,"200,",389 ms
185730,"200,",433 ms
190885,"200,",434 ms
202598,"200,",433 ms
256426,"200,",521 ms
119822,"200,",566 ms
267019,"200,",570 ms
273232,"200,",303 ms
247284,"200,",313 ms
40484,"200,",313 ms
65460,"200,",119 ms
196667,"200,",341 ms
299483,"200,",438 ms
282384,"200,",642 ms
132531,"200,",648 ms
272940,"200,",682 ms
103503,"200,",631 ms
10380,"200,",738 ms
75339,"200,",728 ms
64048,"200,",417 ms
71124,"200,",370 ms
27172,"200,",411 ms
63776,"200,",400 ms
188412,"200,",404 ms
106333,"200,",435 ms
135602,"200,",422 ms
18576,"200,",509 ms
42770,"200,",331 ms
166284,"200,",368 ms
262080,"200,",362 ms
22481,"200,",395 ms
189330,"200,",376 ms
58519,"200,",402 ms
248969,"200,",364 ms
135924,"200,",340 ms
294819,"200,",323 ms
60333,"200,",366 ms
230746,"200,",369 ms
270638,"200,",355 ms
277653,"200,",431 ms
98710,"200,",520 ms
55021,"200,",525 ms
275183,"200,",513 ms
305649,"200,",527 ms
98639,"200,",596 ms
24414,"200,",780 ms
289548,"200,",305 ms
17224,"200,",363 ms
272614,"200,",352 ms
231188,"200,",371 ms
55776,"200,",134 ms
5609,"200,",224 ms
233111,"200,",307 ms
264221,"200,",344 ms
86597,"200,",408 ms
192037,"200,",442 ms
173595,"200,",421 ms
50914,"200,",397 ms
171966,"200,",401 ms
3777,"200,",348 ms
152494,"200,",388 ms
283105,"200,",427 ms
98908,"200,",412 ms
71583,"200,",430 ms
302036,"200,",348 ms
248257,"200,",366 ms
260894,"200,",347 ms
276195,"200,",340 ms
149915,"200,",297 ms
108474,"200,",328 ms
26876,"200,",375 ms
140405,"200,",400 ms
248460,"200,",400 ms
267463,"200,",317 ms
119658,"200,",394 ms
180842,"200,",346 ms
44493,"200,",366 ms
117652,"200,",354 ms
134180,"200,",388 ms
225025,"200,",340 ms
206484,"200,",390 ms
50250,"200,",368 ms
97976,"200,",334 ms
178473,"200,",266 ms
45779,"200,",348 ms
209695,"200,",180 ms
306012,"200,",381 ms
9438,"200,",377 ms
103547,"200,",372 ms
92906,"200,",419 ms
297180,"200,",412 ms
300638,"200,",376 ms
12799,"200,",419 ms
142582,"200,",407 ms
52010,"200,",393 ms
264052,"200,",607 ms
147100,"200,",676 ms
106368,"200,",711 ms
262058,"200,",686 ms
279492,"200,",698 ms
70268,"200,",725 ms
39042,"200,",710 ms
235253,"200,",688 ms
199371,"200,",705 ms
168166,"200,",743 ms
148347,"200,",756 ms
54188,"200,",760 ms
129154,"200,",757 ms
230215,"200,",761 ms
15164,"200,",275 ms
229727,"200,",335 ms
104696,"200,",367 ms
285184,"200,",263 ms
166456,"200,",383 ms
200876,"200,",330 ms
100252,"200,",389 ms
14025,"200,",399 ms
186618,"200,",417 ms
75866,"200,",469 ms
293772,"200,",137 ms
270784,"200,",282 ms
258177,"200,",515 ms
41804,"200,",322 ms
45880,"200,",312 ms
88854,"200,",335 ms
579,"200,",315 ms
10533,"200,",513 ms
182119,"200,",501 ms
188097,"200,",505 ms
25018,"200,",544 ms
159685,"200,",507 ms
26195,"200,",521 ms
160259,"200,",511 ms
69094,"200,",534 ms
141343,"200,",545 ms
147836,"200,",377 ms
261374,"200,",404 ms
243182,"200,",435 ms
153094,"200,",481 ms
263951,"200,",481 ms
9804,"200,",505 ms
288631,"200,",520 ms
223649,"200,",437 ms
217347,"200,",377 ms
74953,"200,",372 ms
175941,"200,",411 ms
26286,"200,",634 ms
171291,"200,",715 ms
173962,"200,",724 ms
216383,"200,",760 ms
254966,"200,",763 ms
290815,"200,",751 ms
241330,"200,",786 ms
114116,"400,",456 ms
98045,"200,",604 ms
187504,"200,",598 ms
148290,"200,",615 ms
153134,"200,",628 ms
300530,"200,",678 ms
27157,"400,",359 ms
104741,"200,",333 ms
8882,"200,",388 ms
27341,"200,",313 ms
283467,"200,",292 ms
243152,"200,",630 ms
148118,"200,",641 ms
168843,"200,",369 ms
201010,"200,",384 ms
197741,"200,",446 ms
28391,"200,",436 ms
164089,"200,",420 ms
132982,"200,",416 ms
166971,"200,",416 ms
79596,"200,",384 ms
21663,"200,",270 ms
146555,"200,",320 ms
192672,"200,",451 ms
81393,"200,",367 ms
179589,"200,",282 ms
9446,"200,",361 ms
265942,"200,",432 ms
257576,"200,",458 ms
297940,"200,",395 ms
175761,"200,",436 ms
98247,"200,",295 ms
70141,"200,",381 ms
193317,"200,",356 ms
144047,"200,",428 ms
182124,"200,",418 ms
41193,"200,",448 ms
236133,"200,",436 ms
